-- MySQL dump 10.13  Distrib 8.0.33, for macos13 (arm64)
--
-- Host: np.bluetea.cloud    Database: semi
-- ------------------------------------------------------
-- Server version	5.5.5-10.11.2-MariaDB

/*!40101 SET @OLD_CHARACTER_SET_CLIENT=@@CHARACTER_SET_CLIENT */;
/*!40101 SET @OLD_CHARACTER_SET_RESULTS=@@CHARACTER_SET_RESULTS */;
/*!40101 SET @OLD_COLLATION_CONNECTION=@@COLLATION_CONNECTION */;
/*!50503 SET NAMES utf8mb4 */;
/*!40103 SET @OLD_TIME_ZONE=@@TIME_ZONE */;
/*!40103 SET TIME_ZONE='+00:00' */;
/*!40014 SET @OLD_UNIQUE_CHECKS=@@UNIQUE_CHECKS, UNIQUE_CHECKS=0 */;
/*!40014 SET @OLD_FOREIGN_KEY_CHECKS=@@FOREIGN_KEY_CHECKS, FOREIGN_KEY_CHECKS=0 */;
/*!40101 SET @OLD_SQL_MODE=@@SQL_MODE, SQL_MODE='NO_AUTO_VALUE_ON_ZERO' */;
/*!40111 SET @OLD_SQL_NOTES=@@SQL_NOTES, SQL_NOTES=0 */;

--
-- Table structure for table `cinema`
--

DROP TABLE IF EXISTS `cinema`;
/*!40101 SET @saved_cs_client     = @@character_set_client */;
/*!50503 SET character_set_client = utf8mb4 */;
CREATE TABLE `cinema` (
  `ctno` bigint(20) NOT NULL AUTO_INCREMENT COMMENT '영화정보들에 대한 PK',
  `theaterno` int(100) DEFAULT NULL COMMENT '상영관 번호',
  `cinemaNum` int(100) DEFAULT NULL COMMENT '영화관 번호',
  `movieNum` bigint(20) DEFAULT NULL COMMENT '영화 번호',
  `screenTimeNum` int(11) DEFAULT NULL COMMENT '상영시작시간 번호',
  PRIMARY KEY (`ctno`),
  KEY `theaterno` (`theaterno`),
  KEY `cinemaNum` (`cinemaNum`),
  KEY `movieNum` (`movieNum`),
  KEY `cinema_FK` (`screenTimeNum`),
  CONSTRAINT `cinema_FK` FOREIGN KEY (`screenTimeNum`) REFERENCES `screentime` (`screenTimeNum`),
  CONSTRAINT `cinema_ibfk_1` FOREIGN KEY (`theaterno`) REFERENCES `theater_info` (`theaterno`),
  CONSTRAINT `cinema_ibfk_2` FOREIGN KEY (`cinemaNum`) REFERENCES `cinema_info` (`cinemaNum`),
  CONSTRAINT `cinema_ibfk_3` FOREIGN KEY (`movieNum`) REFERENCES `movie` (`movieNum`)
) ENGINE=InnoDB AUTO_INCREMENT=2449 DEFAULT CHARSET=utf8mb4 COLLATE=utf8mb4_general_ci;
/*!40101 SET character_set_client = @saved_cs_client */;

--
-- Dumping data for table `cinema`
--

LOCK TABLES `cinema` WRITE;
/*!40000 ALTER TABLE `cinema` DISABLE KEYS */;
INSERT INTO `cinema` VALUES (1,1,1,86823,1),(2,1,1,86823,4),(3,1,1,86823,7),(4,1,2,86823,2),(5,1,2,86823,5),(6,1,2,86823,8),(7,1,3,86823,4),(8,1,3,86823,7),(9,1,3,86823,10),(10,1,4,86823,5),(11,1,4,86823,8),(12,1,4,86823,11),(13,1,5,86823,7),(14,1,5,86823,10),(15,1,5,86823,13),(16,1,6,86823,8),(17,1,6,86823,11),(18,1,6,86823,14),(19,1,7,86823,1),(20,1,7,86823,4),(21,1,7,86823,7),(22,1,8,86823,5),(23,1,8,86823,8),(24,1,8,86823,11),(25,2,1,86823,1),(26,2,1,86823,4),(27,2,1,86823,7),(28,2,2,86823,2),(29,2,2,86823,5),(30,2,2,86823,8),(31,2,3,86823,4),(32,2,3,86823,7),(33,2,3,86823,10),(34,2,4,86823,5),(35,2,4,86823,8),(36,2,4,86823,11),(37,2,5,86823,7),(38,2,5,86823,10),(39,2,5,86823,13),(40,2,6,86823,8),(41,2,6,86823,11),(42,2,6,86823,14),(43,2,7,86823,1),(44,2,7,86823,4),(45,2,7,86823,7),(46,2,8,86823,5),(47,2,8,86823,8),(48,2,8,86823,11),(49,3,1,86823,1),(50,3,1,86823,4),(51,3,1,86823,7),(52,3,2,86823,2),(53,3,2,86823,5),(54,3,2,86823,8),(55,3,3,86823,4),(56,3,3,86823,7),(57,3,3,86823,10),(58,3,4,86823,5),(59,3,4,86823,8),(60,3,4,86823,11),(61,3,5,86823,7),(62,3,5,86823,10),(63,3,5,86823,13),(64,3,6,86823,8),(65,3,6,86823,11),(66,3,6,86823,14),(67,3,7,86823,1),(68,3,7,86823,4),(69,3,7,86823,7),(70,3,8,86823,5),(71,3,8,86823,8),(72,3,8,86823,11),(73,4,1,86829,1),(74,4,1,86829,4),(75,4,1,86829,7),(76,4,2,86829,2),(77,4,2,86829,5),(78,4,2,86829,8),(79,4,3,86829,4),(80,4,3,86829,7),(81,4,3,86829,10),(82,4,4,86829,5),(83,4,4,86829,8),(84,4,4,86829,11),(85,4,5,86829,7),(86,4,5,86829,10),(87,4,5,86829,13),(88,4,6,86829,8),(89,4,6,86829,11),(90,4,6,86829,14),(91,4,7,86829,1),(92,4,7,86829,4),(93,4,7,86829,7),(94,4,8,86829,5),(95,4,8,86829,8),(96,4,8,86829,11),(97,5,1,86829,1),(98,5,1,86829,4),(99,5,1,86829,7),(100,5,2,86829,2),(101,5,2,86829,5),(102,5,2,86829,8),(103,5,3,86829,4),(104,5,3,86829,7),(105,5,3,86829,10),(106,5,4,86829,5),(107,5,4,86829,8),(108,5,4,86829,11),(109,5,5,86829,7),(110,5,5,86829,10),(111,5,5,86829,13),(112,5,6,86829,8),(113,5,6,86829,11),(114,5,6,86829,14),(115,5,7,86829,1),(116,5,7,86829,4),(117,5,7,86829,7),(118,5,8,86829,5),(119,5,8,86829,8),(120,5,8,86829,11),(121,6,1,86829,1),(122,6,1,86829,4),(123,6,1,86829,7),(124,6,2,86829,2),(125,6,2,86829,5),(126,6,2,86829,8),(127,6,3,86829,4),(128,6,3,86829,7),(129,6,3,86829,10),(130,6,4,86829,5),(131,6,4,86829,8),(132,6,4,86829,11),(133,6,5,86829,7),(134,6,5,86829,10),(135,6,5,86829,13),(136,6,6,86829,8),(137,6,6,86829,11),(138,6,6,86829,14),(139,6,7,86829,1),(140,6,7,86829,4),(141,6,7,86829,7),(142,6,8,86829,5),(143,6,8,86829,8),(144,6,8,86829,11),(145,1,1,86876,1),(146,1,1,86876,4),(147,1,1,86876,7),(148,1,2,86876,2),(149,1,2,86876,5),(150,1,2,86876,8),(151,1,3,86876,4),(152,1,3,86876,7),(153,1,3,86876,10),(154,1,4,86876,5),(155,1,4,86876,8),(156,1,4,86876,11),(157,1,5,86876,7),(158,1,5,86876,10),(159,1,5,86876,13),(160,1,6,86876,8),(161,1,6,86876,11),(162,1,6,86876,14),(163,1,7,86876,1),(164,1,7,86876,4),(165,1,7,86876,7),(166,1,8,86876,5),(167,1,8,86876,8),(168,1,8,86876,11),(169,2,1,86876,1),(170,2,1,86876,4),(171,2,1,86876,7),(172,2,2,86876,2),(173,2,2,86876,5),(174,2,2,86876,8),(175,2,3,86876,4),(176,2,3,86876,7),(177,2,3,86876,10),(178,2,4,86876,5),(179,2,4,86876,8),(180,2,4,86876,11),(181,2,5,86876,7),(182,2,5,86876,10),(183,2,5,86876,13),(184,2,6,86876,8),(185,2,6,86876,11),(186,2,6,86876,14),(187,2,7,86876,1),(188,2,7,86876,4),(189,2,7,86876,7),(190,2,8,86876,5),(191,2,8,86876,8),(192,2,8,86876,11),(193,3,1,86876,1),(194,3,1,86876,4),(195,3,1,86876,7),(196,3,2,86876,2),(197,3,2,86876,5),(198,3,2,86876,8),(199,3,3,86876,4),(200,3,3,86876,7),(201,3,3,86876,10),(202,3,4,86876,5),(203,3,4,86876,8),(204,3,4,86876,11),(205,3,5,86876,7),(206,3,5,86876,10),(207,3,5,86876,13),(208,3,6,86876,8),(209,3,6,86876,11),(210,3,6,86876,14),(211,3,7,86876,1),(212,3,7,86876,4),(213,3,7,86876,7),(214,3,8,86876,5),(215,3,8,86876,8),(216,3,8,86876,11),(217,4,1,86880,1),(218,4,1,86880,4),(219,4,1,86880,7),(220,4,2,86880,2),(221,4,2,86880,5),(222,4,2,86880,8),(223,4,3,86880,4),(224,4,3,86880,7),(225,4,3,86880,10),(226,4,4,86880,5),(227,4,4,86880,8),(228,4,4,86880,11),(229,4,5,86880,7),(230,4,5,86880,10),(231,4,5,86880,13),(232,4,6,86880,8),(233,4,6,86880,11),(234,4,6,86880,14),(235,4,7,86880,1),(236,4,7,86880,4),(237,4,7,86880,7),(238,4,8,86880,5),(239,4,8,86880,8),(240,4,8,86880,11),(241,5,1,86880,1),(242,5,1,86880,4),(243,5,1,86880,7),(244,5,2,86880,2),(245,5,2,86880,5),(246,5,2,86880,8),(247,5,3,86880,4),(248,5,3,86880,7),(249,5,3,86880,10),(250,5,4,86880,5),(251,5,4,86880,8),(252,5,4,86880,11),(253,5,5,86880,7),(254,5,5,86880,10),(255,5,5,86880,13),(256,5,6,86880,8),(257,5,6,86880,11),(258,5,6,86880,14),(259,5,7,86880,1),(260,5,7,86880,4),(261,5,7,86880,7),(262,5,8,86880,5),(263,5,8,86880,8),(264,5,8,86880,11),(265,6,1,86880,1),(266,6,1,86880,4),(267,6,1,86880,7),(268,6,2,86880,2),(269,6,2,86880,5),(270,6,2,86880,8),(271,6,3,86880,4),(272,6,3,86880,7),(273,6,3,86880,10),(274,6,4,86880,5),(275,6,4,86880,8),(276,6,4,86880,11),(277,6,5,86880,7),(278,6,5,86880,10),(279,6,5,86880,13),(280,6,6,86880,8),(281,6,6,86880,11),(282,6,6,86880,14),(283,6,7,86880,1),(284,6,7,86880,4),(285,6,7,86880,7),(286,6,8,86880,5),(287,6,8,86880,8),(288,6,8,86880,11),(289,1,1,86884,1),(290,1,1,86884,4),(291,1,1,86884,7),(292,1,2,86884,2),(293,1,2,86884,5),(294,1,2,86884,8),(295,1,3,86884,4),(296,1,3,86884,7),(297,1,3,86884,10),(298,1,4,86884,5),(299,1,4,86884,8),(300,1,4,86884,11),(301,1,5,86884,7),(302,1,5,86884,10),(303,1,5,86884,13),(304,1,6,86884,8),(305,1,6,86884,11),(306,1,6,86884,14),(307,1,7,86884,1),(308,1,7,86884,4),(309,1,7,86884,7),(310,1,8,86884,5),(311,1,8,86884,8),(312,1,8,86884,11),(313,2,1,86884,1),(314,2,1,86884,4),(315,2,1,86884,7),(316,2,2,86884,2),(317,2,2,86884,5),(318,2,2,86884,8),(319,2,3,86884,4),(320,2,3,86884,7),(321,2,3,86884,10),(322,2,4,86884,5),(323,2,4,86884,8),(324,2,4,86884,11),(325,2,5,86884,7),(326,2,5,86884,10),(327,2,5,86884,13),(328,2,6,86884,8),(329,2,6,86884,11),(330,2,6,86884,14),(331,2,7,86884,1),(332,2,7,86884,4),(333,2,7,86884,7),(334,2,8,86884,5),(335,2,8,86884,8),(336,2,8,86884,11),(337,3,1,86884,1),(338,3,1,86884,4),(339,3,1,86884,7),(340,3,2,86884,2),(341,3,2,86884,5),(342,3,2,86884,8),(343,3,3,86884,4),(344,3,3,86884,7),(345,3,3,86884,10),(346,3,4,86884,5),(347,3,4,86884,8),(348,3,4,86884,11),(349,3,5,86884,7),(350,3,5,86884,10),(351,3,5,86884,13),(352,3,6,86884,8),(353,3,6,86884,11),(354,3,6,86884,14),(355,3,7,86884,1),(356,3,7,86884,4),(357,3,7,86884,7),(358,3,8,86884,5),(359,3,8,86884,8),(360,3,8,86884,11),(361,4,1,86885,1),(362,4,1,86885,4),(363,4,1,86885,7),(364,4,2,86885,2),(365,4,2,86885,5),(366,4,2,86885,8),(367,4,3,86885,4),(368,4,3,86885,7),(369,4,3,86885,10),(370,4,4,86885,5),(371,4,4,86885,8),(372,4,4,86885,11),(373,4,5,86885,7),(374,4,5,86885,10),(375,4,5,86885,13),(376,4,6,86885,8),(377,4,6,86885,11),(378,4,6,86885,14),(379,4,7,86885,1),(380,4,7,86885,4),(381,4,7,86885,7),(382,4,8,86885,5),(383,4,8,86885,8),(384,4,8,86885,11),(385,5,1,86885,1),(386,5,1,86885,4),(387,5,1,86885,7),(388,5,2,86885,2),(389,5,2,86885,5),(390,5,2,86885,8),(391,5,3,86885,4),(392,5,3,86885,7),(393,5,3,86885,10),(394,5,4,86885,5),(395,5,4,86885,8),(396,5,4,86885,11),(397,5,5,86885,7),(398,5,5,86885,10),(399,5,5,86885,13),(400,5,6,86885,8),(401,5,6,86885,11),(402,5,6,86885,14),(403,5,7,86885,1),(404,5,7,86885,4),(405,5,7,86885,7),(406,5,8,86885,5),(407,5,8,86885,8),(408,5,8,86885,11),(409,6,1,86885,1),(410,6,1,86885,4),(411,6,1,86885,7),(412,6,2,86885,2),(413,6,2,86885,5),(414,6,2,86885,8),(415,6,3,86885,4),(416,6,3,86885,7),(417,6,3,86885,10),(418,6,4,86885,5),(419,6,4,86885,8),(420,6,4,86885,11),(421,6,5,86885,7),(422,6,5,86885,10),(423,6,5,86885,13),(424,6,6,86885,8),(425,6,6,86885,11),(426,6,6,86885,14),(427,6,7,86885,1),(428,6,7,86885,4),(429,6,7,86885,7),(430,6,8,86885,5),(431,6,8,86885,8),(432,6,8,86885,11),(433,1,1,86886,1),(434,1,1,86886,4),(435,1,1,86886,7),(436,1,2,86886,2),(437,1,2,86886,5),(438,1,2,86886,8),(439,1,3,86886,4),(440,1,3,86886,7),(441,1,3,86886,10),(442,1,4,86886,5),(443,1,4,86886,8),(444,1,4,86886,11),(445,1,5,86886,7),(446,1,5,86886,10),(447,1,5,86886,13),(448,1,6,86886,8),(449,1,6,86886,11),(450,1,6,86886,14),(451,1,7,86886,1),(452,1,7,86886,4),(453,1,7,86886,7),(454,1,8,86886,5),(455,1,8,86886,8),(456,1,8,86886,11),(457,2,1,86886,1),(458,2,1,86886,4),(459,2,1,86886,7),(460,2,2,86886,2),(461,2,2,86886,5),(462,2,2,86886,8),(463,2,3,86886,4),(464,2,3,86886,7),(465,2,3,86886,10),(466,2,4,86886,5),(467,2,4,86886,8),(468,2,4,86886,11),(469,2,5,86886,7),(470,2,5,86886,10),(471,2,5,86886,13),(472,2,6,86886,8),(473,2,6,86886,11),(474,2,6,86886,14),(475,2,7,86886,1),(476,2,7,86886,4),(477,2,7,86886,7),(478,2,8,86886,5),(479,2,8,86886,8),(480,2,8,86886,11),(481,3,1,86886,1),(482,3,1,86886,4),(483,3,1,86886,7),(484,3,2,86886,2),(485,3,2,86886,5),(486,3,2,86886,8),(487,3,3,86886,4),(488,3,3,86886,7),(489,3,3,86886,10),(490,3,4,86886,5),(491,3,4,86886,8),(492,3,4,86886,11),(493,3,5,86886,7),(494,3,5,86886,10),(495,3,5,86886,13),(496,3,6,86886,8),(497,3,6,86886,11),(498,3,6,86886,14),(499,3,7,86886,1),(500,3,7,86886,4),(501,3,7,86886,7),(502,3,8,86886,5),(503,3,8,86886,8),(504,3,8,86886,11),(505,4,1,86892,1),(506,4,1,86892,4),(507,4,1,86892,7),(508,4,2,86892,2),(509,4,2,86892,5),(510,4,2,86892,8),(511,4,3,86892,4),(512,4,3,86892,7),(513,4,3,86892,10),(514,4,4,86892,5),(515,4,4,86892,8),(516,4,4,86892,11),(517,4,5,86892,7),(518,4,5,86892,10),(519,4,5,86892,13),(520,4,6,86892,8),(521,4,6,86892,11),(522,4,6,86892,14),(523,4,7,86892,1),(524,4,7,86892,4),(525,4,7,86892,7),(526,4,8,86892,5),(527,4,8,86892,8),(528,4,8,86892,11),(529,5,1,86892,1),(530,5,1,86892,4),(531,5,1,86892,7),(532,5,2,86892,2),(533,5,2,86892,5),(534,5,2,86892,8),(535,5,3,86892,4),(536,5,3,86892,7),(537,5,3,86892,10),(538,5,4,86892,5),(539,5,4,86892,8),(540,5,4,86892,11),(541,5,5,86892,7),(542,5,5,86892,10),(543,5,5,86892,13),(544,5,6,86892,8),(545,5,6,86892,11),(546,5,6,86892,14),(547,5,7,86892,1),(548,5,7,86892,4),(549,5,7,86892,7),(550,5,8,86892,5),(551,5,8,86892,8),(552,5,8,86892,11),(553,6,1,86892,1),(554,6,1,86892,4),(555,6,1,86892,7),(556,6,2,86892,2),(557,6,2,86892,5),(558,6,2,86892,8),(559,6,3,86892,4),(560,6,3,86892,7),(561,6,3,86892,10),(562,6,4,86892,5),(563,6,4,86892,8),(564,6,4,86892,11),(565,6,5,86892,7),(566,6,5,86892,10),(567,6,5,86892,13),(568,6,6,86892,8),(569,6,6,86892,11),(570,6,6,86892,14),(571,6,7,86892,1),(572,6,7,86892,4),(573,6,7,86892,7),(574,6,8,86892,5),(575,6,8,86892,8),(576,6,8,86892,11),(577,1,1,86893,1),(578,1,1,86893,4),(579,1,1,86893,7),(580,1,2,86893,2),(581,1,2,86893,5),(582,1,2,86893,8),(583,1,3,86893,4),(584,1,3,86893,7),(585,1,3,86893,10),(586,1,4,86893,5),(587,1,4,86893,8),(588,1,4,86893,11),(589,1,5,86893,7),(590,1,5,86893,10),(591,1,5,86893,13),(592,1,6,86893,8),(593,1,6,86893,11),(594,1,6,86893,14),(595,1,7,86893,1),(596,1,7,86893,4),(597,1,7,86893,7),(598,1,8,86893,5),(599,1,8,86893,8),(600,1,8,86893,11),(601,2,1,86893,1),(602,2,1,86893,4),(603,2,1,86893,7),(604,2,2,86893,2),(605,2,2,86893,5),(606,2,2,86893,8),(607,2,3,86893,4),(608,2,3,86893,7),(609,2,3,86893,10),(610,2,4,86893,5),(611,2,4,86893,8),(612,2,4,86893,11),(613,2,5,86893,7),(614,2,5,86893,10),(615,2,5,86893,13),(616,2,6,86893,8),(617,2,6,86893,11),(618,2,6,86893,14),(619,2,7,86893,1),(620,2,7,86893,4),(621,2,7,86893,7),(622,2,8,86893,5),(623,2,8,86893,8),(624,2,8,86893,11),(625,3,1,86893,1),(626,3,1,86893,4),(627,3,1,86893,7),(628,3,2,86893,2),(629,3,2,86893,5),(630,3,2,86893,8),(631,3,3,86893,4),(632,3,3,86893,7),(633,3,3,86893,10),(634,3,4,86893,5),(635,3,4,86893,8),(636,3,4,86893,11),(637,3,5,86893,7),(638,3,5,86893,10),(639,3,5,86893,13),(640,3,6,86893,8),(641,3,6,86893,11),(642,3,6,86893,14),(643,3,7,86893,1),(644,3,7,86893,4),(645,3,7,86893,7),(646,3,8,86893,5),(647,3,8,86893,8),(648,3,8,86893,11),(649,4,1,86900,1),(650,4,1,86900,4),(651,4,1,86900,7),(652,4,2,86900,2),(653,4,2,86900,5),(654,4,2,86900,8),(655,4,3,86900,4),(656,4,3,86900,7),(657,4,3,86900,10),(658,4,4,86900,5),(659,4,4,86900,8),(660,4,4,86900,11),(661,4,5,86900,7),(662,4,5,86900,10),(663,4,5,86900,13),(664,4,6,86900,8),(665,4,6,86900,11),(666,4,6,86900,14),(667,4,7,86900,1),(668,4,7,86900,4),(669,4,7,86900,7),(670,4,8,86900,5),(671,4,8,86900,8),(672,4,8,86900,11),(673,5,1,86900,1),(674,5,1,86900,4),(675,5,1,86900,7),(676,5,2,86900,2),(677,5,2,86900,5),(678,5,2,86900,8),(679,5,3,86900,4),(680,5,3,86900,7),(681,5,3,86900,10),(682,5,4,86900,5),(683,5,4,86900,8),(684,5,4,86900,11),(685,5,5,86900,7),(686,5,5,86900,10),(687,5,5,86900,13),(688,5,6,86900,8),(689,5,6,86900,11),(690,5,6,86900,14),(691,5,7,86900,1),(692,5,7,86900,4),(693,5,7,86900,7),(694,5,8,86900,5),(695,5,8,86900,8),(696,5,8,86900,11),(697,6,1,86900,1),(698,6,1,86900,4),(699,6,1,86900,7),(700,6,2,86900,2),(701,6,2,86900,5),(702,6,2,86900,8),(703,6,3,86900,4),(704,6,3,86900,7),(705,6,3,86900,10),(706,6,4,86900,5),(707,6,4,86900,8),(708,6,4,86900,11),(709,6,5,86900,7),(710,6,5,86900,10),(711,6,5,86900,13),(712,6,6,86900,8),(713,6,6,86900,11),(714,6,6,86900,14),(715,6,7,86900,1),(716,6,7,86900,4),(717,6,7,86900,7),(718,6,8,86900,5),(719,6,8,86900,8),(720,6,8,86900,11),(721,1,1,86911,1),(722,1,1,86911,4),(723,1,1,86911,7),(724,1,2,86911,2),(725,1,2,86911,5),(726,1,2,86911,8),(727,1,3,86911,4),(728,1,3,86911,7),(729,1,3,86911,10),(730,1,4,86911,5),(731,1,4,86911,8),(732,1,4,86911,11),(733,1,5,86911,7),(734,1,5,86911,10),(735,1,5,86911,13),(736,1,6,86911,8),(737,1,6,86911,11),(738,1,6,86911,14),(739,1,7,86911,1),(740,1,7,86911,4),(741,1,7,86911,7),(742,1,8,86911,5),(743,1,8,86911,8),(744,1,8,86911,11),(745,2,1,86911,1),(746,2,1,86911,4),(747,2,1,86911,7),(748,2,2,86911,2),(749,2,2,86911,5),(750,2,2,86911,8),(751,2,3,86911,4),(752,2,3,86911,7),(753,2,3,86911,10),(754,2,4,86911,5),(755,2,4,86911,8),(756,2,4,86911,11),(757,2,5,86911,7),(758,2,5,86911,10),(759,2,5,86911,13),(760,2,6,86911,8),(761,2,6,86911,11),(762,2,6,86911,14),(763,2,7,86911,1),(764,2,7,86911,4),(765,2,7,86911,7),(766,2,8,86911,5),(767,2,8,86911,8),(768,2,8,86911,11),(769,3,1,86911,1),(770,3,1,86911,4),(771,3,1,86911,7),(772,3,2,86911,2),(773,3,2,86911,5),(774,3,2,86911,8),(775,3,3,86911,4),(776,3,3,86911,7),(777,3,3,86911,10),(778,3,4,86911,5),(779,3,4,86911,8),(780,3,4,86911,11),(781,3,5,86911,7),(782,3,5,86911,10),(783,3,5,86911,13),(784,3,6,86911,8),(785,3,6,86911,11),(786,3,6,86911,14),(787,3,7,86911,1),(788,3,7,86911,4),(789,3,7,86911,7),(790,3,8,86911,5),(791,3,8,86911,8),(792,3,8,86911,11),(793,4,1,86916,1),(794,4,1,86916,4),(795,4,1,86916,7),(796,4,2,86916,2),(797,4,2,86916,5),(798,4,2,86916,8),(799,4,3,86916,4),(800,4,3,86916,7),(801,4,3,86916,10),(802,4,4,86916,5),(803,4,4,86916,8),(804,4,4,86916,11),(805,4,5,86916,7),(806,4,5,86916,10),(807,4,5,86916,13),(808,4,6,86916,8),(809,4,6,86916,11),(810,4,6,86916,14),(811,4,7,86916,1),(812,4,7,86916,4),(813,4,7,86916,7),(814,4,8,86916,5),(815,4,8,86916,8),(816,4,8,86916,11),(817,5,1,86916,1),(818,5,1,86916,4),(819,5,1,86916,7),(820,5,2,86916,2),(821,5,2,86916,5),(822,5,2,86916,8),(823,5,3,86916,4),(824,5,3,86916,7),(825,5,3,86916,10),(826,5,4,86916,5),(827,5,4,86916,8),(828,5,4,86916,11),(829,5,5,86916,7),(830,5,5,86916,10),(831,5,5,86916,13),(832,5,6,86916,8),(833,5,6,86916,11),(834,5,6,86916,14),(835,5,7,86916,1),(836,5,7,86916,4),(837,5,7,86916,7),(838,5,8,86916,5),(839,5,8,86916,8),(840,5,8,86916,11),(841,6,1,86916,1),(842,6,1,86916,4),(843,6,1,86916,7),(844,6,2,86916,2),(845,6,2,86916,5),(846,6,2,86916,8),(847,6,3,86916,4),(848,6,3,86916,7),(849,6,3,86916,10),(850,6,4,86916,5),(851,6,4,86916,8),(852,6,4,86916,11),(853,6,5,86916,7),(854,6,5,86916,10),(855,6,5,86916,13),(856,6,6,86916,8),(857,6,6,86916,11),(858,6,6,86916,14),(859,6,7,86916,1),(860,6,7,86916,4),(861,6,7,86916,7),(862,6,8,86916,5),(863,6,8,86916,8),(864,6,8,86916,11),(865,1,1,86918,1),(866,1,1,86918,4),(867,1,1,86918,7),(868,1,2,86918,2),(869,1,2,86918,5),(870,1,2,86918,8),(871,1,3,86918,4),(872,1,3,86918,7),(873,1,3,86918,10),(874,1,4,86918,5),(875,1,4,86918,8),(876,1,4,86918,11),(877,1,5,86918,7),(878,1,5,86918,10),(879,1,5,86918,13),(880,1,6,86918,8),(881,1,6,86918,11),(882,1,6,86918,14),(883,1,7,86918,1),(884,1,7,86918,4),(885,1,7,86918,7),(886,1,8,86918,5),(887,1,8,86918,8),(888,1,8,86918,11),(889,2,1,86918,1),(890,2,1,86918,4),(891,2,1,86918,7),(892,2,2,86918,2),(893,2,2,86918,5),(894,2,2,86918,8),(895,2,3,86918,4),(896,2,3,86918,7),(897,2,3,86918,10),(898,2,4,86918,5),(899,2,4,86918,8),(900,2,4,86918,11),(901,2,5,86918,7),(902,2,5,86918,10),(903,2,5,86918,13),(904,2,6,86918,8),(905,2,6,86918,11),(906,2,6,86918,14),(907,2,7,86918,1),(908,2,7,86918,4),(909,2,7,86918,7),(910,2,8,86918,5),(911,2,8,86918,8),(912,2,8,86918,11),(913,3,1,86918,1),(914,3,1,86918,4),(915,3,1,86918,7),(916,3,2,86918,2),(917,3,2,86918,5),(918,3,2,86918,8),(919,3,3,86918,4),(920,3,3,86918,7),(921,3,3,86918,10),(922,3,4,86918,5),(923,3,4,86918,8),(924,3,4,86918,11),(925,3,5,86918,7),(926,3,5,86918,10),(927,3,5,86918,13),(928,3,6,86918,8),(929,3,6,86918,11),(930,3,6,86918,14),(931,3,7,86918,1),(932,3,7,86918,4),(933,3,7,86918,7),(934,3,8,86918,5),(935,3,8,86918,8),(936,3,8,86918,11),(937,4,1,1,1),(938,4,1,1,4),(939,4,1,1,7),(940,4,2,1,2),(941,4,2,1,5),(942,4,2,1,8),(943,4,3,1,4),(944,4,3,1,7),(945,4,3,1,10),(946,4,4,1,5),(947,4,4,1,8),(948,4,4,1,11),(949,4,5,1,7),(950,4,5,1,10),(951,4,5,1,13),(952,4,6,1,8),(953,4,6,1,11),(954,4,6,1,14),(955,4,7,1,1),(956,4,7,1,4),(957,4,7,1,7),(958,4,8,1,5),(959,4,8,1,8),(960,4,8,1,11),(961,5,1,1,1),(962,5,1,1,4),(963,5,1,1,7),(964,5,2,1,2),(965,5,2,1,5),(966,5,2,1,8),(967,5,3,1,4),(968,5,3,1,7),(969,5,3,1,10),(970,5,4,1,5),(971,5,4,1,8),(972,5,4,1,11),(973,5,5,1,7),(974,5,5,1,10),(975,5,5,1,13),(976,5,6,1,8),(977,5,6,1,11),(978,5,6,1,14),(979,5,7,1,1),(980,5,7,1,4),(981,5,7,1,7),(982,5,8,1,5),(983,5,8,1,8),(984,5,8,1,11),(985,6,1,1,1),(986,6,1,1,4),(987,6,1,1,7),(988,6,2,1,2),(989,6,2,1,5),(990,6,2,1,8),(991,6,3,1,4),(992,6,3,1,7),(993,6,3,1,10),(994,6,4,1,5),(995,6,4,1,8),(996,6,4,1,11),(997,6,5,1,7),(998,6,5,1,10),(999,6,5,1,13),(1000,6,6,1,8),(1001,6,6,1,11),(1002,6,6,1,14),(1003,6,7,1,1),(1004,6,7,1,4),(1005,6,7,1,7),(1006,6,8,1,5),(1007,6,8,1,8),(1008,6,8,1,11),(1009,1,1,86720,1),(1010,1,1,86720,4),(1011,1,1,86720,7),(1012,1,2,86720,2),(1013,1,2,86720,5),(1014,1,2,86720,8),(1015,1,3,86720,4),(1016,1,3,86720,7),(1017,1,3,86720,10),(1018,1,4,86720,5),(1019,1,4,86720,8),(1020,1,4,86720,11),(1021,1,5,86720,7),(1022,1,5,86720,10),(1023,1,5,86720,13),(1024,1,6,86720,8),(1025,1,6,86720,11),(1026,1,6,86720,14),(1027,1,7,86720,1),(1028,1,7,86720,4),(1029,1,7,86720,7),(1030,1,8,86720,5),(1031,1,8,86720,8),(1032,1,8,86720,11),(1033,2,1,86720,1),(1034,2,1,86720,4),(1035,2,1,86720,7),(1036,2,2,86720,2),(1037,2,2,86720,5),(1038,2,2,86720,8),(1039,2,3,86720,4),(1040,2,3,86720,7),(1041,2,3,86720,10),(1042,2,4,86720,5),(1043,2,4,86720,8),(1044,2,4,86720,11),(1045,2,5,86720,7),(1046,2,5,86720,10),(1047,2,5,86720,13),(1048,2,6,86720,8),(1049,2,6,86720,11),(1050,2,6,86720,14),(1051,2,7,86720,1),(1052,2,7,86720,4),(1053,2,7,86720,7),(1054,2,8,86720,5),(1055,2,8,86720,8),(1056,2,8,86720,11),(1057,3,1,86720,1),(1058,3,1,86720,4),(1059,3,1,86720,7),(1060,3,2,86720,2),(1061,3,2,86720,5),(1062,3,2,86720,8),(1063,3,3,86720,4),(1064,3,3,86720,7),(1065,3,3,86720,10),(1066,3,4,86720,5),(1067,3,4,86720,8),(1068,3,4,86720,11),(1069,3,5,86720,7),(1070,3,5,86720,10),(1071,3,5,86720,13),(1072,3,6,86720,8),(1073,3,6,86720,11),(1074,3,6,86720,14),(1075,3,7,86720,1),(1076,3,7,86720,4),(1077,3,7,86720,7),(1078,3,8,86720,5),(1079,3,8,86720,8),(1080,3,8,86720,11),(1081,4,1,86750,1),(1082,4,1,86750,4),(1083,4,1,86750,7),(1084,4,2,86750,2),(1085,4,2,86750,5),(1086,4,2,86750,8),(1087,4,3,86750,4),(1088,4,3,86750,7),(1089,4,3,86750,10),(1090,4,4,86750,5),(1091,4,4,86750,8),(1092,4,4,86750,11),(1093,4,5,86750,7),(1094,4,5,86750,10),(1095,4,5,86750,13),(1096,4,6,86750,8),(1097,4,6,86750,11),(1098,4,6,86750,14),(1099,4,7,86750,1),(1100,4,7,86750,4),(1101,4,7,86750,7),(1102,4,8,86750,5),(1103,4,8,86750,8),(1104,4,8,86750,11),(1105,5,1,86750,1),(1106,5,1,86750,4),(1107,5,1,86750,7),(1108,5,2,86750,2),(1109,5,2,86750,5),(1110,5,2,86750,8),(1111,5,3,86750,4),(1112,5,3,86750,7),(1113,5,3,86750,10),(1114,5,4,86750,5),(1115,5,4,86750,8),(1116,5,4,86750,11),(1117,5,5,86750,7),(1118,5,5,86750,10),(1119,5,5,86750,13),(1120,5,6,86750,8),(1121,5,6,86750,11),(1122,5,6,86750,14),(1123,5,7,86750,1),(1124,5,7,86750,4),(1125,5,7,86750,7),(1126,5,8,86750,5),(1127,5,8,86750,8),(1128,5,8,86750,11),(1129,6,1,86750,1),(1130,6,1,86750,4),(1131,6,1,86750,7),(1132,6,2,86750,2),(1133,6,2,86750,5),(1134,6,2,86750,8),(1135,6,3,86750,4),(1136,6,3,86750,7),(1137,6,3,86750,10),(1138,6,4,86750,5),(1139,6,4,86750,8),(1140,6,4,86750,11),(1141,6,5,86750,7),(1142,6,5,86750,10),(1143,6,5,86750,13),(1144,6,6,86750,8),(1145,6,6,86750,11),(1146,6,6,86750,14),(1147,6,7,86750,1),(1148,6,7,86750,4),(1149,6,7,86750,7),(1150,6,8,86750,5),(1151,6,8,86750,8),(1152,6,8,86750,11),(1153,1,1,86815,1),(1154,1,1,86815,4),(1155,1,1,86815,7),(1156,1,2,86815,2),(1157,1,2,86815,5),(1158,1,2,86815,8),(1159,1,3,86815,4),(1160,1,3,86815,7),(1161,1,3,86815,10),(1162,1,4,86815,5),(1163,1,4,86815,8),(1164,1,4,86815,11),(1165,1,5,86815,7),(1166,1,5,86815,10),(1167,1,5,86815,13),(1168,1,6,86815,8),(1169,1,6,86815,11),(1170,1,6,86815,14),(1171,1,7,86815,1),(1172,1,7,86815,4),(1173,1,7,86815,7),(1174,1,8,86815,5),(1175,1,8,86815,8),(1176,1,8,86815,11),(1177,2,1,86815,1),(1178,2,1,86815,4),(1179,2,1,86815,7),(1180,2,2,86815,2),(1181,2,2,86815,5),(1182,2,2,86815,8),(1183,2,3,86815,4),(1184,2,3,86815,7),(1185,2,3,86815,10),(1186,2,4,86815,5),(1187,2,4,86815,8),(1188,2,4,86815,11),(1189,2,5,86815,7),(1190,2,5,86815,10),(1191,2,5,86815,13),(1192,2,6,86815,8),(1193,2,6,86815,11),(1194,2,6,86815,14),(1195,2,7,86815,1),(1196,2,7,86815,4),(1197,2,7,86815,7),(1198,2,8,86815,5),(1199,2,8,86815,8),(1200,2,8,86815,11),(1201,3,1,86815,1),(1202,3,1,86815,4),(1203,3,1,86815,7),(1204,3,2,86815,2),(1205,3,2,86815,5),(1206,3,2,86815,8),(1207,3,3,86815,4),(1208,3,3,86815,7),(1209,3,3,86815,10),(1210,3,4,86815,5),(1211,3,4,86815,8),(1212,3,4,86815,11),(1213,3,5,86815,7),(1214,3,5,86815,10),(1215,3,5,86815,13),(1216,3,6,86815,8),(1217,3,6,86815,11),(1218,3,6,86815,14),(1219,3,7,86815,1),(1220,3,7,86815,4),(1221,3,7,86815,7),(1222,3,8,86815,5),(1223,3,8,86815,8),(1224,3,8,86815,11),(1225,1,1,86823,1),(1226,1,1,86823,4),(1227,1,1,86823,7),(1228,1,2,86823,2),(1229,1,2,86823,5),(1230,1,2,86823,8),(1231,1,3,86823,4),(1232,1,3,86823,7),(1233,1,3,86823,10),(1234,1,4,86823,5),(1235,1,4,86823,8),(1236,1,4,86823,11),(1237,1,5,86823,7),(1238,1,5,86823,10),(1239,1,5,86823,13),(1240,1,6,86823,8),(1241,1,6,86823,11),(1242,1,6,86823,14),(1243,1,7,86823,1),(1244,1,7,86823,4),(1245,1,7,86823,7),(1246,1,8,86823,5),(1247,1,8,86823,8),(1248,1,8,86823,11),(1249,2,1,86823,1),(1250,2,1,86823,4),(1251,2,1,86823,7),(1252,2,2,86823,2),(1253,2,2,86823,5),(1254,2,2,86823,8),(1255,2,3,86823,4),(1256,2,3,86823,7),(1257,2,3,86823,10),(1258,2,4,86823,5),(1259,2,4,86823,8),(1260,2,4,86823,11),(1261,2,5,86823,7),(1262,2,5,86823,10),(1263,2,5,86823,13),(1264,2,6,86823,8),(1265,2,6,86823,11),(1266,2,6,86823,14),(1267,2,7,86823,1),(1268,2,7,86823,4),(1269,2,7,86823,7),(1270,2,8,86823,5),(1271,2,8,86823,8),(1272,2,8,86823,11),(1273,3,1,86823,1),(1274,3,1,86823,4),(1275,3,1,86823,7),(1276,3,2,86823,2),(1277,3,2,86823,5),(1278,3,2,86823,8),(1279,3,3,86823,4),(1280,3,3,86823,7),(1281,3,3,86823,10),(1282,3,4,86823,5),(1283,3,4,86823,8),(1284,3,4,86823,11),(1285,3,5,86823,7),(1286,3,5,86823,10),(1287,3,5,86823,13),(1288,3,6,86823,8),(1289,3,6,86823,11),(1290,3,6,86823,14),(1291,3,7,86823,1),(1292,3,7,86823,4),(1293,3,7,86823,7),(1294,3,8,86823,5),(1295,3,8,86823,8),(1296,3,8,86823,11),(1297,4,1,86829,1),(1298,4,1,86829,4),(1299,4,1,86829,7),(1300,4,2,86829,2),(1301,4,2,86829,5),(1302,4,2,86829,8),(1303,4,3,86829,4),(1304,4,3,86829,7),(1305,4,3,86829,10),(1306,4,4,86829,5),(1307,4,4,86829,8),(1308,4,4,86829,11),(1309,4,5,86829,7),(1310,4,5,86829,10),(1311,4,5,86829,13),(1312,4,6,86829,8),(1313,4,6,86829,11),(1314,4,6,86829,14),(1315,4,7,86829,1),(1316,4,7,86829,4),(1317,4,7,86829,7),(1318,4,8,86829,5),(1319,4,8,86829,8),(1320,4,8,86829,11),(1321,5,1,86829,1),(1322,5,1,86829,4),(1323,5,1,86829,7),(1324,5,2,86829,2),(1325,5,2,86829,5),(1326,5,2,86829,8),(1327,5,3,86829,4),(1328,5,3,86829,7),(1329,5,3,86829,10),(1330,5,4,86829,5),(1331,5,4,86829,8),(1332,5,4,86829,11),(1333,5,5,86829,7),(1334,5,5,86829,10),(1335,5,5,86829,13),(1336,5,6,86829,8),(1337,5,6,86829,11),(1338,5,6,86829,14),(1339,5,7,86829,1),(1340,5,7,86829,4),(1341,5,7,86829,7),(1342,5,8,86829,5),(1343,5,8,86829,8),(1344,5,8,86829,11),(1345,6,1,86829,1),(1346,6,1,86829,4),(1347,6,1,86829,7),(1348,6,2,86829,2),(1349,6,2,86829,5),(1350,6,2,86829,8),(1351,6,3,86829,4),(1352,6,3,86829,7),(1353,6,3,86829,10),(1354,6,4,86829,5),(1355,6,4,86829,8),(1356,6,4,86829,11),(1357,6,5,86829,7),(1358,6,5,86829,10),(1359,6,5,86829,13),(1360,6,6,86829,8),(1361,6,6,86829,11),(1362,6,6,86829,14),(1363,6,7,86829,1),(1364,6,7,86829,4),(1365,6,7,86829,7),(1366,6,8,86829,5),(1367,6,8,86829,8),(1368,6,8,86829,11),(1369,1,1,86876,1),(1370,1,1,86876,4),(1371,1,1,86876,7),(1372,1,2,86876,2),(1373,1,2,86876,5),(1374,1,2,86876,8),(1375,1,3,86876,4),(1376,1,3,86876,7),(1377,1,3,86876,10),(1378,1,4,86876,5),(1379,1,4,86876,8),(1380,1,4,86876,11),(1381,1,5,86876,7),(1382,1,5,86876,10),(1383,1,5,86876,13),(1384,1,6,86876,8),(1385,1,6,86876,11),(1386,1,6,86876,14),(1387,1,7,86876,1),(1388,1,7,86876,4),(1389,1,7,86876,7),(1390,1,8,86876,5),(1391,1,8,86876,8),(1392,1,8,86876,11),(1393,2,1,86876,1),(1394,2,1,86876,4),(1395,2,1,86876,7),(1396,2,2,86876,2),(1397,2,2,86876,5),(1398,2,2,86876,8),(1399,2,3,86876,4),(1400,2,3,86876,7),(1401,2,3,86876,10),(1402,2,4,86876,5),(1403,2,4,86876,8),(1404,2,4,86876,11),(1405,2,5,86876,7),(1406,2,5,86876,10),(1407,2,5,86876,13),(1408,2,6,86876,8),(1409,2,6,86876,11),(1410,2,6,86876,14),(1411,2,7,86876,1),(1412,2,7,86876,4),(1413,2,7,86876,7),(1414,2,8,86876,5),(1415,2,8,86876,8),(1416,2,8,86876,11),(1417,3,1,86876,1),(1418,3,1,86876,4),(1419,3,1,86876,7),(1420,3,2,86876,2),(1421,3,2,86876,5),(1422,3,2,86876,8),(1423,3,3,86876,4),(1424,3,3,86876,7),(1425,3,3,86876,10),(1426,3,4,86876,5),(1427,3,4,86876,8),(1428,3,4,86876,11),(1429,3,5,86876,7),(1430,3,5,86876,10),(1431,3,5,86876,13),(1432,3,6,86876,8),(1433,3,6,86876,11),(1434,3,6,86876,14),(1435,3,7,86876,1),(1436,3,7,86876,4),(1437,3,7,86876,7),(1438,3,8,86876,5),(1439,3,8,86876,8),(1440,3,8,86876,11),(1441,4,1,86880,1),(1442,4,1,86880,4),(1443,4,1,86880,7),(1444,4,2,86880,2),(1445,4,2,86880,5),(1446,4,2,86880,8),(1447,4,3,86880,4),(1448,4,3,86880,7),(1449,4,3,86880,10),(1450,4,4,86880,5),(1451,4,4,86880,8),(1452,4,4,86880,11),(1453,4,5,86880,7),(1454,4,5,86880,10),(1455,4,5,86880,13),(1456,4,6,86880,8),(1457,4,6,86880,11),(1458,4,6,86880,14),(1459,4,7,86880,1),(1460,4,7,86880,4),(1461,4,7,86880,7),(1462,4,8,86880,5),(1463,4,8,86880,8),(1464,4,8,86880,11),(1465,5,1,86880,1),(1466,5,1,86880,4),(1467,5,1,86880,7),(1468,5,2,86880,2),(1469,5,2,86880,5),(1470,5,2,86880,8),(1471,5,3,86880,4),(1472,5,3,86880,7),(1473,5,3,86880,10),(1474,5,4,86880,5),(1475,5,4,86880,8),(1476,5,4,86880,11),(1477,5,5,86880,7),(1478,5,5,86880,10),(1479,5,5,86880,13),(1480,5,6,86880,8),(1481,5,6,86880,11),(1482,5,6,86880,14),(1483,5,7,86880,1),(1484,5,7,86880,4),(1485,5,7,86880,7),(1486,5,8,86880,5),(1487,5,8,86880,8),(1488,5,8,86880,11),(1489,6,1,86880,1),(1490,6,1,86880,4),(1491,6,1,86880,7),(1492,6,2,86880,2),(1493,6,2,86880,5),(1494,6,2,86880,8),(1495,6,3,86880,4),(1496,6,3,86880,7),(1497,6,3,86880,10),(1498,6,4,86880,5),(1499,6,4,86880,8),(1500,6,4,86880,11),(1501,6,5,86880,7),(1502,6,5,86880,10),(1503,6,5,86880,13),(1504,6,6,86880,8),(1505,6,6,86880,11),(1506,6,6,86880,14),(1507,6,7,86880,1),(1508,6,7,86880,4),(1509,6,7,86880,7),(1510,6,8,86880,5),(1511,6,8,86880,8),(1512,6,8,86880,11),(1513,1,1,86884,1),(1514,1,1,86884,4),(1515,1,1,86884,7),(1516,1,2,86884,2),(1517,1,2,86884,5),(1518,1,2,86884,8),(1519,1,3,86884,4),(1520,1,3,86884,7),(1521,1,3,86884,10),(1522,1,4,86884,5),(1523,1,4,86884,8),(1524,1,4,86884,11),(1525,1,5,86884,7),(1526,1,5,86884,10),(1527,1,5,86884,13),(1528,1,6,86884,8),(1529,1,6,86884,11),(1530,1,6,86884,14),(1531,1,7,86884,1),(1532,1,7,86884,4),(1533,1,7,86884,7),(1534,1,8,86884,5),(1535,1,8,86884,8),(1536,1,8,86884,11),(1537,2,1,86884,1),(1538,2,1,86884,4),(1539,2,1,86884,7),(1540,2,2,86884,2),(1541,2,2,86884,5),(1542,2,2,86884,8),(1543,2,3,86884,4),(1544,2,3,86884,7),(1545,2,3,86884,10),(1546,2,4,86884,5),(1547,2,4,86884,8),(1548,2,4,86884,11),(1549,2,5,86884,7),(1550,2,5,86884,10),(1551,2,5,86884,13),(1552,2,6,86884,8),(1553,2,6,86884,11),(1554,2,6,86884,14),(1555,2,7,86884,1),(1556,2,7,86884,4),(1557,2,7,86884,7),(1558,2,8,86884,5),(1559,2,8,86884,8),(1560,2,8,86884,11),(1561,3,1,86884,1),(1562,3,1,86884,4),(1563,3,1,86884,7),(1564,3,2,86884,2),(1565,3,2,86884,5),(1566,3,2,86884,8),(1567,3,3,86884,4),(1568,3,3,86884,7),(1569,3,3,86884,10),(1570,3,4,86884,5),(1571,3,4,86884,8),(1572,3,4,86884,11),(1573,3,5,86884,7),(1574,3,5,86884,10),(1575,3,5,86884,13),(1576,3,6,86884,8),(1577,3,6,86884,11),(1578,3,6,86884,14),(1579,3,7,86884,1),(1580,3,7,86884,4),(1581,3,7,86884,7),(1582,3,8,86884,5),(1583,3,8,86884,8),(1584,3,8,86884,11),(1585,4,1,86885,1),(1586,4,1,86885,4),(1587,4,1,86885,7),(1588,4,2,86885,2),(1589,4,2,86885,5),(1590,4,2,86885,8),(1591,4,3,86885,4),(1592,4,3,86885,7),(1593,4,3,86885,10),(1594,4,4,86885,5),(1595,4,4,86885,8),(1596,4,4,86885,11),(1597,4,5,86885,7),(1598,4,5,86885,10),(1599,4,5,86885,13),(1600,4,6,86885,8),(1601,4,6,86885,11),(1602,4,6,86885,14),(1603,4,7,86885,1),(1604,4,7,86885,4),(1605,4,7,86885,7),(1606,4,8,86885,5),(1607,4,8,86885,8),(1608,4,8,86885,11),(1609,5,1,86885,1),(1610,5,1,86885,4),(1611,5,1,86885,7),(1612,5,2,86885,2),(1613,5,2,86885,5),(1614,5,2,86885,8),(1615,5,3,86885,4),(1616,5,3,86885,7),(1617,5,3,86885,10),(1618,5,4,86885,5),(1619,5,4,86885,8),(1620,5,4,86885,11),(1621,5,5,86885,7),(1622,5,5,86885,10),(1623,5,5,86885,13),(1624,5,6,86885,8),(1625,5,6,86885,11),(1626,5,6,86885,14),(1627,5,7,86885,1),(1628,5,7,86885,4),(1629,5,7,86885,7),(1630,5,8,86885,5),(1631,5,8,86885,8),(1632,5,8,86885,11),(1633,6,1,86885,1),(1634,6,1,86885,4),(1635,6,1,86885,7),(1636,6,2,86885,2),(1637,6,2,86885,5),(1638,6,2,86885,8),(1639,6,3,86885,4),(1640,6,3,86885,7),(1641,6,3,86885,10),(1642,6,4,86885,5),(1643,6,4,86885,8),(1644,6,4,86885,11),(1645,6,5,86885,7),(1646,6,5,86885,10),(1647,6,5,86885,13),(1648,6,6,86885,8),(1649,6,6,86885,11),(1650,6,6,86885,14),(1651,6,7,86885,1),(1652,6,7,86885,4),(1653,6,7,86885,7),(1654,6,8,86885,5),(1655,6,8,86885,8),(1656,6,8,86885,11),(1657,1,1,86886,1),(1658,1,1,86886,4),(1659,1,1,86886,7),(1660,1,2,86886,2),(1661,1,2,86886,5),(1662,1,2,86886,8),(1663,1,3,86886,4),(1664,1,3,86886,7),(1665,1,3,86886,10),(1666,1,4,86886,5),(1667,1,4,86886,8),(1668,1,4,86886,11),(1669,1,5,86886,7),(1670,1,5,86886,10),(1671,1,5,86886,13),(1672,1,6,86886,8),(1673,1,6,86886,11),(1674,1,6,86886,14),(1675,1,7,86886,1),(1676,1,7,86886,4),(1677,1,7,86886,7),(1678,1,8,86886,5),(1679,1,8,86886,8),(1680,1,8,86886,11),(1681,2,1,86886,1),(1682,2,1,86886,4),(1683,2,1,86886,7),(1684,2,2,86886,2),(1685,2,2,86886,5),(1686,2,2,86886,8),(1687,2,3,86886,4),(1688,2,3,86886,7),(1689,2,3,86886,10),(1690,2,4,86886,5),(1691,2,4,86886,8),(1692,2,4,86886,11),(1693,2,5,86886,7),(1694,2,5,86886,10),(1695,2,5,86886,13),(1696,2,6,86886,8),(1697,2,6,86886,11),(1698,2,6,86886,14),(1699,2,7,86886,1),(1700,2,7,86886,4),(1701,2,7,86886,7),(1702,2,8,86886,5),(1703,2,8,86886,8),(1704,2,8,86886,11),(1705,3,1,86886,1),(1706,3,1,86886,4),(1707,3,1,86886,7),(1708,3,2,86886,2),(1709,3,2,86886,5),(1710,3,2,86886,8),(1711,3,3,86886,4),(1712,3,3,86886,7),(1713,3,3,86886,10),(1714,3,4,86886,5),(1715,3,4,86886,8),(1716,3,4,86886,11),(1717,3,5,86886,7),(1718,3,5,86886,10),(1719,3,5,86886,13),(1720,3,6,86886,8),(1721,3,6,86886,11),(1722,3,6,86886,14),(1723,3,7,86886,1),(1724,3,7,86886,4),(1725,3,7,86886,7),(1726,3,8,86886,5),(1727,3,8,86886,8),(1728,3,8,86886,11),(1729,4,1,86892,1),(1730,4,1,86892,4),(1731,4,1,86892,7),(1732,4,2,86892,2),(1733,4,2,86892,5),(1734,4,2,86892,8),(1735,4,3,86892,4),(1736,4,3,86892,7),(1737,4,3,86892,10),(1738,4,4,86892,5),(1739,4,4,86892,8),(1740,4,4,86892,11),(1741,4,5,86892,7),(1742,4,5,86892,10),(1743,4,5,86892,13),(1744,4,6,86892,8),(1745,4,6,86892,11),(1746,4,6,86892,14),(1747,4,7,86892,1),(1748,4,7,86892,4),(1749,4,7,86892,7),(1750,4,8,86892,5),(1751,4,8,86892,8),(1752,4,8,86892,11),(1753,5,1,86892,1),(1754,5,1,86892,4),(1755,5,1,86892,7),(1756,5,2,86892,2),(1757,5,2,86892,5),(1758,5,2,86892,8),(1759,5,3,86892,4),(1760,5,3,86892,7),(1761,5,3,86892,10),(1762,5,4,86892,5),(1763,5,4,86892,8),(1764,5,4,86892,11),(1765,5,5,86892,7),(1766,5,5,86892,10),(1767,5,5,86892,13),(1768,5,6,86892,8),(1769,5,6,86892,11),(1770,5,6,86892,14),(1771,5,7,86892,1),(1772,5,7,86892,4),(1773,5,7,86892,7),(1774,5,8,86892,5),(1775,5,8,86892,8),(1776,5,8,86892,11),(1777,6,1,86892,1),(1778,6,1,86892,4),(1779,6,1,86892,7),(1780,6,2,86892,2),(1781,6,2,86892,5),(1782,6,2,86892,8),(1783,6,3,86892,4),(1784,6,3,86892,7),(1785,6,3,86892,10),(1786,6,4,86892,5),(1787,6,4,86892,8),(1788,6,4,86892,11),(1789,6,5,86892,7),(1790,6,5,86892,10),(1791,6,5,86892,13),(1792,6,6,86892,8),(1793,6,6,86892,11),(1794,6,6,86892,14),(1795,6,7,86892,1),(1796,6,7,86892,4),(1797,6,7,86892,7),(1798,6,8,86892,5),(1799,6,8,86892,8),(1800,6,8,86892,11),(1801,1,1,86893,1),(1802,1,1,86893,4),(1803,1,1,86893,7),(1804,1,2,86893,2),(1805,1,2,86893,5),(1806,1,2,86893,8),(1807,1,3,86893,4),(1808,1,3,86893,7),(1809,1,3,86893,10),(1810,1,4,86893,5),(1811,1,4,86893,8),(1812,1,4,86893,11),(1813,1,5,86893,7),(1814,1,5,86893,10),(1815,1,5,86893,13),(1816,1,6,86893,8),(1817,1,6,86893,11),(1818,1,6,86893,14),(1819,1,7,86893,1),(1820,1,7,86893,4),(1821,1,7,86893,7),(1822,1,8,86893,5),(1823,1,8,86893,8),(1824,1,8,86893,11),(1825,2,1,86893,1),(1826,2,1,86893,4),(1827,2,1,86893,7),(1828,2,2,86893,2),(1829,2,2,86893,5),(1830,2,2,86893,8),(1831,2,3,86893,4),(1832,2,3,86893,7),(1833,2,3,86893,10),(1834,2,4,86893,5),(1835,2,4,86893,8),(1836,2,4,86893,11),(1837,2,5,86893,7),(1838,2,5,86893,10),(1839,2,5,86893,13),(1840,2,6,86893,8),(1841,2,6,86893,11),(1842,2,6,86893,14),(1843,2,7,86893,1),(1844,2,7,86893,4),(1845,2,7,86893,7),(1846,2,8,86893,5),(1847,2,8,86893,8),(1848,2,8,86893,11),(1849,3,1,86893,1),(1850,3,1,86893,4),(1851,3,1,86893,7),(1852,3,2,86893,2),(1853,3,2,86893,5),(1854,3,2,86893,8),(1855,3,3,86893,4),(1856,3,3,86893,7),(1857,3,3,86893,10),(1858,3,4,86893,5),(1859,3,4,86893,8),(1860,3,4,86893,11),(1861,3,5,86893,7),(1862,3,5,86893,10),(1863,3,5,86893,13),(1864,3,6,86893,8),(1865,3,6,86893,11),(1866,3,6,86893,14),(1867,3,7,86893,1),(1868,3,7,86893,4),(1869,3,7,86893,7),(1870,3,8,86893,5),(1871,3,8,86893,8),(1872,3,8,86893,11),(1873,4,1,86900,1),(1874,4,1,86900,4),(1875,4,1,86900,7),(1876,4,2,86900,2),(1877,4,2,86900,5),(1878,4,2,86900,8),(1879,4,3,86900,4),(1880,4,3,86900,7),(1881,4,3,86900,10),(1882,4,4,86900,5),(1883,4,4,86900,8),(1884,4,4,86900,11),(1885,4,5,86900,7),(1886,4,5,86900,10),(1887,4,5,86900,13),(1888,4,6,86900,8),(1889,4,6,86900,11),(1890,4,6,86900,14),(1891,4,7,86900,1),(1892,4,7,86900,4),(1893,4,7,86900,7),(1894,4,8,86900,5),(1895,4,8,86900,8),(1896,4,8,86900,11),(1897,5,1,86900,1),(1898,5,1,86900,4),(1899,5,1,86900,7),(1900,5,2,86900,2),(1901,5,2,86900,5),(1902,5,2,86900,8),(1903,5,3,86900,4),(1904,5,3,86900,7),(1905,5,3,86900,10),(1906,5,4,86900,5),(1907,5,4,86900,8),(1908,5,4,86900,11),(1909,5,5,86900,7),(1910,5,5,86900,10),(1911,5,5,86900,13),(1912,5,6,86900,8),(1913,5,6,86900,11),(1914,5,6,86900,14),(1915,5,7,86900,1),(1916,5,7,86900,4),(1917,5,7,86900,7),(1918,5,8,86900,5),(1919,5,8,86900,8),(1920,5,8,86900,11),(1921,6,1,86900,1),(1922,6,1,86900,4),(1923,6,1,86900,7),(1924,6,2,86900,2),(1925,6,2,86900,5),(1926,6,2,86900,8),(1927,6,3,86900,4),(1928,6,3,86900,7),(1929,6,3,86900,10),(1930,6,4,86900,5),(1931,6,4,86900,8),(1932,6,4,86900,11),(1933,6,5,86900,7),(1934,6,5,86900,10),(1935,6,5,86900,13),(1936,6,6,86900,8),(1937,6,6,86900,11),(1938,6,6,86900,14),(1939,6,7,86900,1),(1940,6,7,86900,4),(1941,6,7,86900,7),(1942,6,8,86900,5),(1943,6,8,86900,8),(1944,6,8,86900,11),(1945,1,1,86911,1),(1946,1,1,86911,4),(1947,1,1,86911,7),(1948,1,2,86911,2),(1949,1,2,86911,5),(1950,1,2,86911,8),(1951,1,3,86911,4),(1952,1,3,86911,7),(1953,1,3,86911,10),(1954,1,4,86911,5),(1955,1,4,86911,8),(1956,1,4,86911,11),(1957,1,5,86911,7),(1958,1,5,86911,10),(1959,1,5,86911,13),(1960,1,6,86911,8),(1961,1,6,86911,11),(1962,1,6,86911,14),(1963,1,7,86911,1),(1964,1,7,86911,4),(1965,1,7,86911,7),(1966,1,8,86911,5),(1967,1,8,86911,8),(1968,1,8,86911,11),(1969,2,1,86911,1),(1970,2,1,86911,4),(1971,2,1,86911,7),(1972,2,2,86911,2),(1973,2,2,86911,5),(1974,2,2,86911,8),(1975,2,3,86911,4),(1976,2,3,86911,7),(1977,2,3,86911,10),(1978,2,4,86911,5),(1979,2,4,86911,8),(1980,2,4,86911,11),(1981,2,5,86911,7),(1982,2,5,86911,10),(1983,2,5,86911,13),(1984,2,6,86911,8),(1985,2,6,86911,11),(1986,2,6,86911,14),(1987,2,7,86911,1),(1988,2,7,86911,4),(1989,2,7,86911,7),(1990,2,8,86911,5),(1991,2,8,86911,8),(1992,2,8,86911,11),(1993,3,1,86911,1),(1994,3,1,86911,4),(1995,3,1,86911,7),(1996,3,2,86911,2),(1997,3,2,86911,5),(1998,3,2,86911,8),(1999,3,3,86911,4),(2000,3,3,86911,7),(2001,3,3,86911,10),(2002,3,4,86911,5),(2003,3,4,86911,8),(2004,3,4,86911,11),(2005,3,5,86911,7),(2006,3,5,86911,10),(2007,3,5,86911,13),(2008,3,6,86911,8),(2009,3,6,86911,11),(2010,3,6,86911,14),(2011,3,7,86911,1),(2012,3,7,86911,4),(2013,3,7,86911,7),(2014,3,8,86911,5),(2015,3,8,86911,8),(2016,3,8,86911,11),(2017,4,1,86916,1),(2018,4,1,86916,4),(2019,4,1,86916,7),(2020,4,2,86916,2),(2021,4,2,86916,5),(2022,4,2,86916,8),(2023,4,3,86916,4),(2024,4,3,86916,7),(2025,4,3,86916,10),(2026,4,4,86916,5),(2027,4,4,86916,8),(2028,4,4,86916,11),(2029,4,5,86916,7),(2030,4,5,86916,10),(2031,4,5,86916,13),(2032,4,6,86916,8),(2033,4,6,86916,11),(2034,4,6,86916,14),(2035,4,7,86916,1),(2036,4,7,86916,4),(2037,4,7,86916,7),(2038,4,8,86916,5),(2039,4,8,86916,8),(2040,4,8,86916,11),(2041,5,1,86916,1),(2042,5,1,86916,4),(2043,5,1,86916,7),(2044,5,2,86916,2),(2045,5,2,86916,5),(2046,5,2,86916,8),(2047,5,3,86916,4),(2048,5,3,86916,7),(2049,5,3,86916,10),(2050,5,4,86916,5),(2051,5,4,86916,8),(2052,5,4,86916,11),(2053,5,5,86916,7),(2054,5,5,86916,10),(2055,5,5,86916,13),(2056,5,6,86916,8),(2057,5,6,86916,11),(2058,5,6,86916,14),(2059,5,7,86916,1),(2060,5,7,86916,4),(2061,5,7,86916,7),(2062,5,8,86916,5),(2063,5,8,86916,8),(2064,5,8,86916,11),(2065,6,1,86916,1),(2066,6,1,86916,4),(2067,6,1,86916,7),(2068,6,2,86916,2),(2069,6,2,86916,5),(2070,6,2,86916,8),(2071,6,3,86916,4),(2072,6,3,86916,7),(2073,6,3,86916,10),(2074,6,4,86916,5),(2075,6,4,86916,8),(2076,6,4,86916,11),(2077,6,5,86916,7),(2078,6,5,86916,10),(2079,6,5,86916,13),(2080,6,6,86916,8),(2081,6,6,86916,11),(2082,6,6,86916,14),(2083,6,7,86916,1),(2084,6,7,86916,4),(2085,6,7,86916,7),(2086,6,8,86916,5),(2087,6,8,86916,8),(2088,6,8,86916,11),(2089,1,1,86918,1),(2090,1,1,86918,4),(2091,1,1,86918,7),(2092,1,2,86918,2),(2093,1,2,86918,5),(2094,1,2,86918,8),(2095,1,3,86918,4),(2096,1,3,86918,7),(2097,1,3,86918,10),(2098,1,4,86918,5),(2099,1,4,86918,8),(2100,1,4,86918,11),(2101,1,5,86918,7),(2102,1,5,86918,10),(2103,1,5,86918,13),(2104,1,6,86918,8),(2105,1,6,86918,11),(2106,1,6,86918,14),(2107,1,7,86918,1),(2108,1,7,86918,4),(2109,1,7,86918,7),(2110,1,8,86918,5),(2111,1,8,86918,8),(2112,1,8,86918,11),(2113,2,1,86918,1),(2114,2,1,86918,4),(2115,2,1,86918,7),(2116,2,2,86918,2),(2117,2,2,86918,5),(2118,2,2,86918,8),(2119,2,3,86918,4),(2120,2,3,86918,7),(2121,2,3,86918,10),(2122,2,4,86918,5),(2123,2,4,86918,8),(2124,2,4,86918,11),(2125,2,5,86918,7),(2126,2,5,86918,10),(2127,2,5,86918,13),(2128,2,6,86918,8),(2129,2,6,86918,11),(2130,2,6,86918,14),(2131,2,7,86918,1),(2132,2,7,86918,4),(2133,2,7,86918,7),(2134,2,8,86918,5),(2135,2,8,86918,8),(2136,2,8,86918,11),(2137,3,1,86918,1),(2138,3,1,86918,4),(2139,3,1,86918,7),(2140,3,2,86918,2),(2141,3,2,86918,5),(2142,3,2,86918,8),(2143,3,3,86918,4),(2144,3,3,86918,7),(2145,3,3,86918,10),(2146,3,4,86918,5),(2147,3,4,86918,8),(2148,3,4,86918,11),(2149,3,5,86918,7),(2150,3,5,86918,10),(2151,3,5,86918,13),(2152,3,6,86918,8),(2153,3,6,86918,11),(2154,3,6,86918,14),(2155,3,7,86918,1),(2156,3,7,86918,4),(2157,3,7,86918,7),(2158,3,8,86918,5),(2159,3,8,86918,8),(2160,3,8,86918,11),(2161,4,1,1,1),(2162,4,1,1,4),(2163,4,1,1,7),(2164,4,2,1,2),(2165,4,2,1,5),(2166,4,2,1,8),(2167,4,3,1,4),(2168,4,3,1,7),(2169,4,3,1,10),(2170,4,4,1,5),(2171,4,4,1,8),(2172,4,4,1,11),(2173,4,5,1,7),(2174,4,5,1,10),(2175,4,5,1,13),(2176,4,6,1,8),(2177,4,6,1,11),(2178,4,6,1,14),(2179,4,7,1,1),(2180,4,7,1,4),(2181,4,7,1,7),(2182,4,8,1,5),(2183,4,8,1,8),(2184,4,8,1,11),(2185,5,1,1,1),(2186,5,1,1,4),(2187,5,1,1,7),(2188,5,2,1,2),(2189,5,2,1,5),(2190,5,2,1,8),(2191,5,3,1,4),(2192,5,3,1,7),(2193,5,3,1,10),(2194,5,4,1,5),(2195,5,4,1,8),(2196,5,4,1,11),(2197,5,5,1,7),(2198,5,5,1,10),(2199,5,5,1,13),(2200,5,6,1,8),(2201,5,6,1,11),(2202,5,6,1,14),(2203,5,7,1,1),(2204,5,7,1,4),(2205,5,7,1,7),(2206,5,8,1,5),(2207,5,8,1,8),(2208,5,8,1,11),(2209,6,1,1,1),(2210,6,1,1,4),(2211,6,1,1,7),(2212,6,2,1,2),(2213,6,2,1,5),(2214,6,2,1,8),(2215,6,3,1,4),(2216,6,3,1,7),(2217,6,3,1,10),(2218,6,4,1,5),(2219,6,4,1,8),(2220,6,4,1,11),(2221,6,5,1,7),(2222,6,5,1,10),(2223,6,5,1,13),(2224,6,6,1,8),(2225,6,6,1,11),(2226,6,6,1,14),(2227,6,7,1,1),(2228,6,7,1,4),(2229,6,7,1,7),(2230,6,8,1,5),(2231,6,8,1,8),(2232,6,8,1,11),(2233,1,1,86720,1),(2234,1,1,86720,4),(2235,1,1,86720,7),(2236,1,2,86720,2),(2237,1,2,86720,5),(2238,1,2,86720,8),(2239,1,3,86720,4),(2240,1,3,86720,7),(2241,1,3,86720,10),(2242,1,4,86720,5),(2243,1,4,86720,8),(2244,1,4,86720,11),(2245,1,5,86720,7),(2246,1,5,86720,10),(2247,1,5,86720,13),(2248,1,6,86720,8),(2249,1,6,86720,11),(2250,1,6,86720,14),(2251,1,7,86720,1),(2252,1,7,86720,4),(2253,1,7,86720,7),(2254,1,8,86720,5),(2255,1,8,86720,8),(2256,1,8,86720,11),(2257,2,1,86720,1),(2258,2,1,86720,4),(2259,2,1,86720,7),(2260,2,2,86720,2),(2261,2,2,86720,5),(2262,2,2,86720,8),(2263,2,3,86720,4),(2264,2,3,86720,7),(2265,2,3,86720,10),(2266,2,4,86720,5),(2267,2,4,86720,8),(2268,2,4,86720,11),(2269,2,5,86720,7),(2270,2,5,86720,10),(2271,2,5,86720,13),(2272,2,6,86720,8),(2273,2,6,86720,11),(2274,2,6,86720,14),(2275,2,7,86720,1),(2276,2,7,86720,4),(2277,2,7,86720,7),(2278,2,8,86720,5),(2279,2,8,86720,8),(2280,2,8,86720,11),(2281,3,1,86720,1),(2282,3,1,86720,4),(2283,3,1,86720,7),(2284,3,2,86720,2),(2285,3,2,86720,5),(2286,3,2,86720,8),(2287,3,3,86720,4),(2288,3,3,86720,7),(2289,3,3,86720,10),(2290,3,4,86720,5),(2291,3,4,86720,8),(2292,3,4,86720,11),(2293,3,5,86720,7),(2294,3,5,86720,10),(2295,3,5,86720,13),(2296,3,6,86720,8),(2297,3,6,86720,11),(2298,3,6,86720,14),(2299,3,7,86720,1),(2300,3,7,86720,4),(2301,3,7,86720,7),(2302,3,8,86720,5),(2303,3,8,86720,8),(2304,3,8,86720,11),(2305,4,1,86750,1),(2306,4,1,86750,4),(2307,4,1,86750,7),(2308,4,2,86750,2),(2309,4,2,86750,5),(2310,4,2,86750,8),(2311,4,3,86750,4),(2312,4,3,86750,7),(2313,4,3,86750,10),(2314,4,4,86750,5),(2315,4,4,86750,8),(2316,4,4,86750,11),(2317,4,5,86750,7),(2318,4,5,86750,10),(2319,4,5,86750,13),(2320,4,6,86750,8),(2321,4,6,86750,11),(2322,4,6,86750,14),(2323,4,7,86750,1),(2324,4,7,86750,4),(2325,4,7,86750,7),(2326,4,8,86750,5),(2327,4,8,86750,8),(2328,4,8,86750,11),(2329,5,1,86750,1),(2330,5,1,86750,4),(2331,5,1,86750,7),(2332,5,2,86750,2),(2333,5,2,86750,5),(2334,5,2,86750,8),(2335,5,3,86750,4),(2336,5,3,86750,7),(2337,5,3,86750,10),(2338,5,4,86750,5),(2339,5,4,86750,8),(2340,5,4,86750,11),(2341,5,5,86750,7),(2342,5,5,86750,10),(2343,5,5,86750,13),(2344,5,6,86750,8),(2345,5,6,86750,11),(2346,5,6,86750,14),(2347,5,7,86750,1),(2348,5,7,86750,4),(2349,5,7,86750,7),(2350,5,8,86750,5),(2351,5,8,86750,8),(2352,5,8,86750,11),(2353,6,1,86750,1),(2354,6,1,86750,4),(2355,6,1,86750,7),(2356,6,2,86750,2),(2357,6,2,86750,5),(2358,6,2,86750,8),(2359,6,3,86750,4),(2360,6,3,86750,7),(2361,6,3,86750,10),(2362,6,4,86750,5),(2363,6,4,86750,8),(2364,6,4,86750,11),(2365,6,5,86750,7),(2366,6,5,86750,10),(2367,6,5,86750,13),(2368,6,6,86750,8),(2369,6,6,86750,11),(2370,6,6,86750,14),(2371,6,7,86750,1),(2372,6,7,86750,4),(2373,6,7,86750,7),(2374,6,8,86750,5),(2375,6,8,86750,8),(2376,6,8,86750,11),(2377,1,1,86815,1),(2378,1,1,86815,4),(2379,1,1,86815,7),(2380,1,2,86815,2),(2381,1,2,86815,5),(2382,1,2,86815,8),(2383,1,3,86815,4),(2384,1,3,86815,7),(2385,1,3,86815,10),(2386,1,4,86815,5),(2387,1,4,86815,8),(2388,1,4,86815,11),(2389,1,5,86815,7),(2390,1,5,86815,10),(2391,1,5,86815,13),(2392,1,6,86815,8),(2393,1,6,86815,11),(2394,1,6,86815,14),(2395,1,7,86815,1),(2396,1,7,86815,4),(2397,1,7,86815,7),(2398,1,8,86815,5),(2399,1,8,86815,8),(2400,1,8,86815,11),(2401,2,1,86815,1),(2402,2,1,86815,4),(2403,2,1,86815,7),(2404,2,2,86815,2),(2405,2,2,86815,5),(2406,2,2,86815,8),(2407,2,3,86815,4),(2408,2,3,86815,7),(2409,2,3,86815,10),(2410,2,4,86815,5),(2411,2,4,86815,8),(2412,2,4,86815,11),(2413,2,5,86815,7),(2414,2,5,86815,10),(2415,2,5,86815,13),(2416,2,6,86815,8),(2417,2,6,86815,11),(2418,2,6,86815,14),(2419,2,7,86815,1),(2420,2,7,86815,4),(2421,2,7,86815,7),(2422,2,8,86815,5),(2423,2,8,86815,8),(2424,2,8,86815,11),(2425,3,1,86815,1),(2426,3,1,86815,4),(2427,3,1,86815,7),(2428,3,2,86815,2),(2429,3,2,86815,5),(2430,3,2,86815,8),(2431,3,3,86815,4),(2432,3,3,86815,7),(2433,3,3,86815,10),(2434,3,4,86815,5),(2435,3,4,86815,8),(2436,3,4,86815,11),(2437,3,5,86815,7),(2438,3,5,86815,10),(2439,3,5,86815,13),(2440,3,6,86815,8),(2441,3,6,86815,11),(2442,3,6,86815,14),(2443,3,7,86815,1),(2444,3,7,86815,4),(2445,3,7,86815,7),(2446,3,8,86815,5),(2447,3,8,86815,8),(2448,3,8,86815,11);
/*!40000 ALTER TABLE `cinema` ENABLE KEYS */;
UNLOCK TABLES;

--
-- Table structure for table `cinema_info`
--

DROP TABLE IF EXISTS `cinema_info`;
/*!40101 SET @saved_cs_client     = @@character_set_client */;
/*!50503 SET character_set_client = utf8mb4 */;
CREATE TABLE `cinema_info` (
  `cinemaNum` int(100) NOT NULL COMMENT '영화관에 대한 PK',
  `cinemaRegion` varchar(100) NOT NULL COMMENT '영화관 고유값(ex : 서울, 경기)',
  PRIMARY KEY (`cinemaNum`)
) ENGINE=InnoDB DEFAULT CHARSET=utf8mb4 COLLATE=utf8mb4_general_ci;
/*!40101 SET character_set_client = @saved_cs_client */;

--
-- Dumping data for table `cinema_info`
--

LOCK TABLES `cinema_info` WRITE;
/*!40000 ALTER TABLE `cinema_info` DISABLE KEYS */;
INSERT INTO `cinema_info` VALUES (1,'서울'),(2,'경기'),(3,'인천'),(4,'충청'),(5,'전라'),(6,'강원'),(7,'경상'),(8,'제주');
/*!40000 ALTER TABLE `cinema_info` ENABLE KEYS */;
UNLOCK TABLES;

--
-- Table structure for table `member`
--

DROP TABLE IF EXISTS `member`;
/*!40101 SET @saved_cs_client     = @@character_set_client */;
/*!50503 SET character_set_client = utf8mb4 */;
CREATE TABLE `member` (
  `memberId` varchar(400) NOT NULL,
  `memberPw` varchar(400) NOT NULL,
  `memberName` varchar(100) NOT NULL,
  `memberEmail` varchar(5000) NOT NULL,
  `memberPhoneNum` int(100) NOT NULL,
  `memberNickname` varchar(400) DEFAULT NULL,
  PRIMARY KEY (`memberId`)
) ENGINE=InnoDB DEFAULT CHARSET=utf8mb4 COLLATE=utf8mb4_general_ci;
/*!40101 SET character_set_client = @saved_cs_client */;

--
-- Dumping data for table `member`
--

LOCK TABLES `member` WRITE;
/*!40000 ALTER TABLE `member` DISABLE KEYS */;
INSERT INTO `member` VALUES ('1122asdqwe','$2a$10$iNEL11h9oCIUbYJFTjN8gOvso8byQDTkMJM/k6iDotmKvG6OMsHPW','이재원','nhy3533@naver.com',0,NULL),('4123124123124','$2a$10$.dkUA1oaKCdegdBS4g/vQu62OC8VSbUWPUI9oErIpD9r5SuFlZ4p2','이재원','nhy3533@naver.com',0,NULL),('asd123123','$2a$10$A.iZCVzRZiyRKFRGB96dy.Am0KQJf7gJtFkVa146TsbaYf0vUtBFq','이재원','nhy3533@naver.com',0,NULL),('finalid123','$2a$10$ZfBkvzLAHV2YDHdZXhk6luDl/icFo3I7Z3bEPS8UrBs/vZM0ksdUS','이재원','nhy3533@naver.com',0,NULL),('id1','1234','이재원','nhy3533@naver.com',0,NULL),('id10','$2a$10$RQTHzFmvoZdjQaU6BbiFzumevJWFEgyTM6R.gDCqUJP.9ISNKXgiK','메소드테스트','aaaaa@aaaaa',1234567890,'메소드닉네임'),('java','$2a$10$H73Pnkoym4fTvYSSrnaLa.r414hmUn21mKPoD1QL.OyhN4q2j0lQe','자바','abc',0,NULL),('javaman1','$2a$10$LpKazHT67jgdTTBL5eAkcO23migkHAv/0DQuzbdGvtKBdJ/rjk4Q.','javaman','lepelaka@gmail.com',1044744657,NULL),('nhy3533123','$2a$10$oE8L5rS2bYtrTGgrui72I.i7lJ1739o7Dr2Azo1QLXMAaGm8UqHHO','이재원','nhy3533@naver.com',0,NULL),('nhy35331234','$2a$10$pqJhzyOWrQs8MorMUR0slOSZwdQaTi43Qg.xkCkQn8bETjj0/LLj.','이재원','nhy3533@naver.com',0,NULL),('qwkeqweqwke','$2a$10$xz8oKVqk1/IVwXftc7stPOC2fhSx2MV1ydYsCMF/prjxTw9slRXza','test1234','nhy3533@naver.com',0,NULL),('test','$2a$10$Qk0t7iunV2sKlzt1eu1nauLV4l9T4NiOz62KjKnRteA0oODpKjtUi','더조은','nhy3533@naver.com',1083362503,NULL),('test123123','$2a$10$iZq92Ww/q/0AZUk5muUZrOaMmDRkraTCQVIvaBpIuKmMd9ILnhNuW','이재원','nhy3533@naver.com',0,NULL),('test1234','$2a$10$FeqM3cwdB/qMQf1EuQ4VVObVYgrV/vcEOJBVk9rhBZyjmesz4.96y','이재원','nhy3533@naver.com',0,NULL),('test12341234','$2a$10$AgPrfX26fAofz.aYc6WlzueywTw5XZB3Sg9xbDb9jeXYXT.SdJsFm','더조은','nhy3533@naver.com',0,NULL),('test123456','$2a$10$G6FfIPX3qunBG7j3hg92Ou5ELyG8dmpmdZ5IUhKz9Bkco9Reg0Hjq','이재원','nhy3533@naver.com',0,NULL),('testid1234','$2a$10$DL36ZpE0M4bmPeFglWiXO.1k2uxBZ3d8UulJ7LJy7vuOsG30YPo0S','이재원','nhy3533@naver.com',1083362503,NULL),('testtest','$2a$10$Qf4.D62vbGjdY4s9YL9DH.YTnUGwx5Z4Ox/Gn3Tr9hq4Imb7SeVVG','이재원','nhy3533@naver.com',0,NULL),('tete','$2a$10$DI0/hRwrkhFGRBs80rOS8uHiewMVcBfWv2jZENXU3l5s8VuqusMT6','이재원','nhy3533@naver.com',1083362503,NULL),('tetest123','$2a$10$vQqrdGs7ZsuuLnGCdQyb1.M95skuPGHwB2uRzNhb1nFxFfj44NHzW','이재원','nhy3533@naver.com',0,NULL),('userid','$2a$10$U5qD.WS2n55gvBmycfocKeWnM3wPgR6b/JCCoaCFGaT/XG0l1EEKK','메소드테스트','사용할email',0,'메소드닉네임');
/*!40000 ALTER TABLE `member` ENABLE KEYS */;
UNLOCK TABLES;

--
-- Table structure for table `movie`
--

DROP TABLE IF EXISTS `movie`;
/*!40101 SET @saved_cs_client     = @@character_set_client */;
/*!50503 SET character_set_client = utf8mb4 */;
CREATE TABLE `movie` (
  `movieNum` bigint(20) NOT NULL AUTO_INCREMENT COMMENT '영화에 대한 PK',
  `movieName` varchar(1000) NOT NULL COMMENT '영화 이름',
  `movieOpendate` datetime DEFAULT NULL COMMENT '영화 개봉일',
  `movieClosedate` datetime DEFAULT NULL COMMENT '영화 상영마감일(유효기간 개봉일로부터 2주)',
  `movieRating` varchar(100) NOT NULL COMMENT '관람등급',
  `poster` varchar(100) DEFAULT NULL COMMENT '포스터',
  `info` varchar(4000) DEFAULT NULL COMMENT '영화정보',
  `genre` varchar(1000) DEFAULT NULL COMMENT '장르',
  PRIMARY KEY (`movieNum`)
) ENGINE=InnoDB AUTO_INCREMENT=86938 DEFAULT CHARSET=utf8mb4 COLLATE=utf8mb4_general_ci;
/*!40101 SET character_set_client = @saved_cs_client */;

--
-- Dumping data for table `movie`
--

LOCK TABLES `movie` WRITE;
/*!40000 ALTER TABLE `movie` DISABLE KEYS */;
INSERT INTO `movie` VALUES (1,'던전 앤 드래곤-도적들의 명예','2023-06-13 00:00:00',NULL,'12','Dungeons & Dragons Honor Among Thieves','한때는 명예로운 기사였지만, ‘어떤 사건’ 이후 ‘홀가’, ‘사이먼’, ‘포지’와 함께 도적질을 하게 된 ‘에드긴’. ‘소피나’의 제안으로 ’부활의 서판’을 얻기 위해 ‘코린의 성’에 잠입하지만 ‘포지’와 ‘소피나’의 배신으로 실패하고 감옥에 갇힌다. 기발한 방법으로 탈옥에 성공한 ‘에드긴’과 ‘홀가’는 소중한 사람들과 다시 만나고, ‘부활의 서판’도 되찾기 위해 자신만의 팀을 꾸리기 시작하는데… 옛 동료인 소질 없는 소서러 \'사이먼’과 새롭게 합류한 변신 천재 드루이드 \'도릭’, 재미 빼고 다 가진 팔라딘 \'젠크’까지 어딘가 2% 부족한 오합지졸로 가득한 이 팀, 과연 무사히 모험을 끝마칠 수 있을까? <가디언즈 오브 갤럭시><어벤져스: 에이지 오브 울트론> 제작진이 선보이는 매력만점 롤플레잉 액션 어드벤처 무비가 온다!','장르 : 액션, 어드벤처, 환타지'),(86720,'더 퍼스트 슬램덩크','2023-06-28 00:00:00',NULL,'12','The First Slam Dunk','전국 제패를 꿈꾸는 북산고 농구부 5인방의 꿈과 열정, 멈추지 않는 도전을 그린 영화','장르 : 애니메이션'),(86750,'상견니','2023-06-28 00:00:00',NULL,'15','Someday or One Day','드라마 스토리를 영화 버전으로 확장시킨 멀티버스 판타지 로맨스 완전히 새로운 세계관, 완전히 새로운 스토리의 <상견니> 2009년, 리쯔웨이와 황위쉬안은 밀크티 가게에서 우연히 재회한다. 처음 만났지만 마치 오래전부터 알고 있었던 것 같은 기시감과 묘한 설렘을 느끼는 두 사람. 이들은 사계절을 함께 보내며 가까워지고, 2010년의 마지막 날, 함께 새해를 맞이하며 연인이 된다. 2017년, 황위쉬안의 인생에 예상치 못한 변화가 생긴다. 해외 발령을 받게 된 것. 황위쉬안은 이 제안을 받아들이고 새로운 여정을 시작하지만 이 선택은 그녀의 미래를 바꿀 뿐만 아니라, 리쯔웨이와 모쥔제, 그리고 그녀가 아직 모르는 천윈루의 운명까지 뒤바꿔 놓는데… 이제, 이들은 수없이 뒤엉킨 타임라인 속에서 서로를 구하기 위해 낡은 테이프 속 들려오는 노래 ‘라스트 댄스’를 따라 달려가기 시작한다.','장르 : 드라마, 환타지, 로맨스, 멜로'),(86815,'스즈메의 문단속','2023-06-28 00:00:00',NULL,'12','Suzume','“이 근처에 폐허 없니? 문을 찾고 있어” 규슈의 한적한 마을에 살고 있는 소녀 ‘스즈메’는 문을 찾아 여행 중인 청년 ‘소타’를 만난다. 그의 뒤를 쫓아 산속 폐허에서 발견한 낡은 문. ‘스즈메’가 무언가에 이끌리듯 문을 열자 마을에 재난의 위기가 닥쳐오고 가문 대대로 문 너머의 재난을 봉인하는 ‘소타’를 도와 간신히 문을 닫는다. “닫아야만 하잖아요, 여기를!” 재난을 막았다는 안도감도 잠시, 수수께끼의 고양이 ‘다이진’이 나타나 ‘소타’를 의자로 바꿔 버리고 일본 각지의 폐허에 재난을 부르는 문이 열리기 시작하자 ‘스즈메’는 의자가 된 ‘소타’와 함께 재난을 막기 위한 여정에 나선다. “꿈이 아니었어” 규슈, 시코쿠, 고베, 도쿄 재난을 막기 위해 일본 전역을 돌며 필사적으로 문을 닫아가던 중 어릴 적 고향에 닿은 ‘스즈메’는 잊고 있던 진실과 마주하게 되는데…','장르 : 애니메이션'),(86823,'웅남이','2023-06-28 00:00:00',NULL,'15','woongnami','인간을 초월하는 짐승 같은 능력으로 국제 범죄 조직에 맞서는 웅남이의 좌충우돌 코미디 <웅남이>','장르 : 코미디, 액션'),(86829,'아임 히어로 더 파이널','2023-06-28 00:00:00',NULL,'all','IM HERO THE FINAL','2022년 겨울 고척스카이돔을 뜨겁게 달궜던 ‘아임 히어로(IM HERO)’ 임영웅의 앵콜 콘서트, 그 대단원의 감동을 재현할 <아임 히어로 더 파이널>이 스크린X로 2023년 관객들을 찾아온다. “제가 마치 트루먼쇼의 주인공이 된 것 같아요” 자신이 영화 ‘트루먼 쇼’의 주인공이 된 것 같다고 말하지만, 그러면서도 팬덤 ‘영웅시대’를 위해 매 순간 혼신의 힘을 다하는 ‘현실 임영웅’의 모습과 진심 어린 인터뷰, 영화에서만 만나볼 수 있는 전국 투어 비하인드 스토리까지. 14대 시네마틱 카메라로 촬영해 오직 극장에서만 볼 수 있는 앵글로 특별한 관람 경험을 선사할 임영웅의 <아임 히어로 더 파이널> 지금 극장에서 만나보세요.','장르 : 다큐멘터리'),(86843,'치킨래빗-잃어버린 보물을 찾아서','2023-06-28 00:00:00',NULL,'all','Chickenhare and the Hamster of Darkness','쫑긋한 귀, 앙증맞은 꼬리, 그리고.. 갑자기 닭발…?! 토끼인듯 닭인듯 반반매력으로 무장한 뉴 히어로! ‘치킨래빗’의 탄생! 아버지 ‘피터’왕의 뒤를 이을 위대한 모험왕을 꿈꾸며 자란 ‘치킨래빗’은 온 국민이 지켜보는 왕립 모험가 협회 테스트에서 형편없는 실력으로 웃음거리가 되고 만다. 명예 회복을 위해 아버지가 눈 앞에서 놓쳤던 전설 속 보물 ‘어둠의 햄스터’를 찾고 싶은 ‘치킨 래빗’은 만능집사 거북이 ‘에이브’, 액션마스터 스컹크 ‘메그’와 함께 모험에 나선다. 그러나 보물을 찾아 왕좌를 빼앗기 위해 탈옥한 삼촌 ‘라팡’의 공격과 빌런들의 끝없는 방해로 닥친 위기의 순간, ‘치킨래빗’에게 숨겨져 있던 특별한 힘이 깨어나게 되는데… 과연 ‘치킨래빗’은 ‘어둠의 햄스터’를 찾아 왕국을 지킬 수 있을까?','장르 : 애니메이션'),(86876,'리바운드','2023-06-28 00:00:00',NULL,'12','Rebound','농구선수 출신 공익근무요원 ‘양현’은 해체 위기에 놓인 부산중앙고 농구부의 신임 코치로 발탁된다. 하지만 전국대회에서의 첫 경기 상대는 고교농구 최강자 용산고. 팀워크가 무너진 중앙고는 몰수패라는 치욕의 결과를 낳고 학교는 농구부 해체까지 논의하지만, ‘양현’은 MVP까지 올랐던 고교 시절을 떠올리며 다시 선수들을 모은다. 주목받던 천재 선수였지만 슬럼프에 빠진 가드 ‘기범’ 부상으로 꿈을 접은 올라운더 스몰 포워드 ‘규혁’ 점프력만 좋은 축구선수 출신의 괴력 센터 ‘순규’ 길거리 농구만 해온 파워 포워드 ‘강호’ 농구 경력 7년 차지만 만년 벤치 식스맨 ‘재윤’ 농구 열정만 만렙인 자칭 마이클 조던 ‘진욱’까지 아무도 주목하지 않은 최약체 팀이었지만 신임 코치와 6명의 선수가 2012년 전국 고교농구대회에서 써 내려간 8일간의 기적 모두가 불가능이라 말할 때, 우리는 ‘리바운드’라는 또 다른 기회를 잡는다.','장르 : 드라마'),(86879,'장기자랑','2023-06-28 00:00:00',NULL,'12','The Talent Show','2014년 그날 이후, 집 밖으로 나서기 어려웠던 엄마들은 지나가듯 얘기한 ‘재밌겠다’ 한마디에 연극을 시작하게 된다 그런데 이게 웬걸? ‘연기’라는 뒤늦은 재능을 발견하고 열정을 불태운다 그러나 새로운 연극 ‘장기자랑’을 준비하는 엄마들 사이의 질투와 갈등은 깊어지고 급기야 몇몇은 극단을 나가버리는데… 일곱 엄마들의 좌충우돌 연극 도전기! 우리 잘 할 수 있을까?','장르 : 다큐멘터리'),(86880,'엘 카미노','2023-06-28 00:00:00',NULL,'all','EL CAMINO','어느 날, 그 길이 나를 불렀다. 산티아고 순례길에서 찾은 희망과 위로의 메시지 한 사람의 인생을 바꾸는 마법의 길, <엘 카미노>','장르 : 다큐멘터리'),(86884,'소울메이트','2023-06-28 00:00:00',NULL,'12','Soulmate','“날도 더웠고 수업도 지루했고.. 그렇게 졸리고 나른하던 날에 너를 처음 만났어” 1998년, 처음 만났다 “누굴 좋아하면 용기내야 된대” 2004년, 첫사랑이 생겼다 “몰랐어? 나 원래 이렇게 살아” 2010년, 각자 어른이 되어간다 “가장 그리운 건…너였어” 2014년, 흔적을 따라간다 “이젠 니 얼굴을 그리고 싶어. 사랑없인 그릴 수조차 없는 그림 말이야” 지금, 그리움을 그리다 2023년 3월 15일, 당신의 <소울메이트>가 찾아옵니다.','장르 : 드라마'),(86885,'오토라는 남자','2023-06-28 00:00:00',NULL,'12','A Man Called Otto','나 혼자 사는 까칠한 이웃 남자 오토 O.T.T.O 입니다. 모든 것을 포기하려는 ‘오토’(톰 행크스)는 죽고 싶을 타이밍마다 이를 방해하는 이웃들로 분노가 치밀어 오른다. 인생 최악의 순간, 뜻하지 않은 이웃들과의 사건들로 인해 ‘오토’는 생각지도 못한 상황으로 흘러가는데…','장르 : 드라마'),(86886,'오늘 출가합니다','2023-06-28 00:00:00',NULL,'12','I Leave Home','오랫동안 출가를 준비한 ‘성민’은 친구 ‘진우’와 함께 자신의 출가 사찰인 태웅사로 향한다. 하지만 사찰에 도착한 성민은 뜻밖에 나이 제한에 걸려 출가를 거절당하게 된다. 어리둥절한 성민과 진우는 포기하지 않고 오대산 법문사로 향하지만 이번에도 뜻하지 않은 이유로 출가를 또다시 거절당하게 되는데… 무엇 하나 쉽지 않은 인생! 지금부터 기분 좋아지는 마음 여행이 시작됩니다! 함께 떠나실까요?','장르 : 드라마'),(86892,'파벨만스','2023-06-28 00:00:00',NULL,'12','The Fablemans','전 세계가 사랑한 거장 감독 스티븐 스필버그, 그 위대한 꿈의 시작! 난생 처음 극장에서 스크린을 마주한 순간부터 영화와 사랑에 빠진 소년 ‘새미’(가브리엘 라벨). 아빠 ‘버트’(폴 다노)의 8mm 카메라를 들고 일상의 모든 순간을 담기 위해 열중하던 새미는 우연히 필름에 포착된 가족의 비밀을 알게 되고 충격에 휩싸인다. 진실을 비추는 필름의 힘을 실감한 새미에게 크고 작은 삶의 변화가 일어나고 엄마 ‘미치’(미셸 윌리엄스)의 응원으로 영화를 향한 열정은 더욱 뜨거워져만 가는데… 영원히 간직하고픈 기억, 영화의 모든 순간과 사랑에 빠진다!','장르 : 드라마'),(86893,'오글리스-웰컴 투 냄새 마을','2023-06-28 00:00:00',NULL,'all','Smelliville','냄새로 가득한 마을에 이상한 가족이 이사를 왔다?! 쓰레기와 지독한 냄새 때문에 아무도 찾지 않는 ‘냄새 마을’ 마을을 구하기 위해 ‘맥스’는 ‘폼 워디’ 박사의 도움을 받아 악취 제거 로봇을 발명한다. ‘맥스’와 친구들은 발명품 실험을 위해 냄새 마을 쓰레기장으로 찾아가고 그 곳으로 이사 온 녹색 괴물 오글리 가족과 만나게 된다. 더러운 게 최고의 위생! 녹슨 플라스틱과 다 쓴 건전지 스프는 최고의 음식! 이런 독특한 오글리 가족과 친구가 된 ‘맥스’는 마을을 구할 방법을 찾게 된다. 한편, ‘맥스’의 엄마는 고약한 건설업 사장 ‘해머’와 손을 잡아 테마파크를 짓기 위한 계획을 세우고, 쓰레기장 철거 작전을 시작하는데… 과연 ‘맥스’와 친구들은 오글리 가족의 집을 지켜낼 수 있을까?','장르 : 애니메이션'),(86900,'불멸의 여자','2023-06-28 00:00:00',NULL,'15','Immotal woman','“사랑합니다, 고객님.” “스마일, 스마일, 스마일.” 화장품 매장 직원 희경(이음)과 승아(이정경). 불쾌한 감정, 우울한 기운은 배제하고 세상에서 가장 행복한 직원으로 손님을 맞이하는 두 사람은 화기애애한 어느 날, 화장품 반품 문의 전화가 걸려온다. 눈가 주름방지용 화장품을 샀는데 오히려 눈가 주름이 더 늘었다며 불만을 토로하는 고객, 정란(윤가현). 만족스럽지 못한 서비스에 매장을 찾아온 정란은 갑질을 통해 환불을 요구하기 시작한다. 비가 오나 눈이 오나 웃어야 하는 판매원 희경과 승아는 정란의 끊임없는 접객 태도 지적에 마트 지점장 상필(안내상)에서 도움을 청하게 되고, 정란은 승아에게 진심을 담은 사과의 표현으로 무릎을 꿇고 잘못을 빌 것을 요구하는데… 마트 개점 이래 최고의 진상 손님 등장! 과연 희경과 승아는 계속되는 갑질에 끝까지 웃을 수 있을까?','장르 : 드라마'),(86911,'곰돌이 푸-피와 꿀','2023-06-28 00:00:00',NULL,'18','Winnie the Pooh','“다시 만나 반가워” 어릴 적 친구로부터 버림받은 곰돌이 ‘푸’와 ‘피글렛’ 참을 수 없는 분노와 배신감을 느끼며 잔혹한 복수를 시작한다.','장르 : 호러'),(86916,'에어','2023-06-28 00:00:00',NULL,'15','Air','세기의 아이콘을 만든 그들의 실화 당신이 알고 있는 그 이상의 이야기 1984년, 업계 꼴찌를 벗어나지 못하고 있는 나이키는 브랜드의 간판이 되어 줄 새로운 모델을 찾는다. 나이키의 스카우터 소니 바카로(맷 데이먼)는 NBA의 떠오르는 루키 마이클 조던이 나이키의 미래라고 생각한다. 그런데, 이미 시장을 장악한 컨버스와 아디다스가 그와의 계약을 노리는 상황 나이키 팀은 조던의 마음을 얻기 위한 전략을 세우는데…. 누구에게나 점프하는 순간이 온다!','장르 : 드라마'),(86918,'카구야 님은 고백받고 싶어 -첫 키스는 끝나지 않아-','2023-06-28 00:00:00',NULL,'12','Kaguya-sama','장래가 기대되는 우수한 수재들이 모인 슈치인 학원. 슈치인 학원 학생회에서 만난 부회장 시노미야 카구야와 회장 시로가네 미유키. 낭만적인 두뇌 싸움 끝에 두 천재는 서로에 대한 감정을 공유하고 문화제에서 첫 키스를 한다. 그러나 아직 두 사람 사이에 이렇다 할 고백은 이루어지지 않고, 연인처럼 보였던 두 사람의 관계는 여전히 애매모호한 상태에서 크리스마스를 맞이하는데.. 완벽해지고 싶은 시로가네와 그의 완벽하지 않은 곳을 찾는 카구야. 천재들의 매우 \"정상적인\" 사랑 이야기가 시작된다! 아직 우리들의 첫 키스는 진행 중!','장르 : 애니메이션'),(86919,'던전 앤 드래곤-도적들의 명예','2023-06-28 00:00:00',NULL,'12','Dungeons & Dragons Honor Among Thieves','한때는 명예로운 기사였지만, ‘어떤 사건’ 이후 ‘홀가’, ‘사이먼’, ‘포지’와 함께 도적질을 하게 된 ‘에드긴’. ‘소피나’의 제안으로 ’부활의 서판’을 얻기 위해 ‘코린의 성’에 잠입하지만 ‘포지’와 ‘소피나’의 배신으로 실패하고 감옥에 갇힌다. 기발한 방법으로 탈옥에 성공한 ‘에드긴’과 ‘홀가’는 소중한 사람들과 다시 만나고, ‘부활의 서판’도 되찾기 위해 자신만의 팀을 꾸리기 시작하는데… 옛 동료인 소질 없는 소서러 \'사이먼’과 새롭게 합류한 변신 천재 드루이드 \'도릭’, 재미 빼고 다 가진 팔라딘 \'젠크’까지 어딘가 2% 부족한 오합지졸로 가득한 이 팀, 과연 무사히 모험을 끝마칠 수 있을까? <가디언즈 오브 갤럭시><어벤져스: 에이지 오브 울트론> 제작진이 선보이는 매력만점 롤플레잉 액션 어드벤처 무비가 온다!','장르 : 액션, 어드벤처, 환타지'),(86920,'더 퍼스트 슬램덩크','2023-06-28 00:00:00',NULL,'12','The First Slam Dunk','전국 제패를 꿈꾸는 북산고 농구부 5인방의 꿈과 열정, 멈추지 않는 도전을 그린 영화','장르 : 애니메이션'),(86921,'상견니','2023-06-28 00:00:00',NULL,'15','Someday or One Day','드라마 스토리를 영화 버전으로 확장시킨 멀티버스 판타지 로맨스 완전히 새로운 세계관, 완전히 새로운 스토리의 <상견니> 2009년, 리쯔웨이와 황위쉬안은 밀크티 가게에서 우연히 재회한다. 처음 만났지만 마치 오래전부터 알고 있었던 것 같은 기시감과 묘한 설렘을 느끼는 두 사람. 이들은 사계절을 함께 보내며 가까워지고, 2010년의 마지막 날, 함께 새해를 맞이하며 연인이 된다. 2017년, 황위쉬안의 인생에 예상치 못한 변화가 생긴다. 해외 발령을 받게 된 것. 황위쉬안은 이 제안을 받아들이고 새로운 여정을 시작하지만 이 선택은 그녀의 미래를 바꿀 뿐만 아니라, 리쯔웨이와 모쥔제, 그리고 그녀가 아직 모르는 천윈루의 운명까지 뒤바꿔 놓는데… 이제, 이들은 수없이 뒤엉킨 타임라인 속에서 서로를 구하기 위해 낡은 테이프 속 들려오는 노래 ‘라스트 댄스’를 따라 달려가기 시작한다.','장르 : 드라마, 환타지, 로맨스, 멜로'),(86922,'스즈메의 문단속','2023-06-28 00:00:00',NULL,'12','Suzume','“이 근처에 폐허 없니? 문을 찾고 있어” 규슈의 한적한 마을에 살고 있는 소녀 ‘스즈메’는 문을 찾아 여행 중인 청년 ‘소타’를 만난다. 그의 뒤를 쫓아 산속 폐허에서 발견한 낡은 문. ‘스즈메’가 무언가에 이끌리듯 문을 열자 마을에 재난의 위기가 닥쳐오고 가문 대대로 문 너머의 재난을 봉인하는 ‘소타’를 도와 간신히 문을 닫는다. “닫아야만 하잖아요, 여기를!” 재난을 막았다는 안도감도 잠시, 수수께끼의 고양이 ‘다이진’이 나타나 ‘소타’를 의자로 바꿔 버리고 일본 각지의 폐허에 재난을 부르는 문이 열리기 시작하자 ‘스즈메’는 의자가 된 ‘소타’와 함께 재난을 막기 위한 여정에 나선다. “꿈이 아니었어” 규슈, 시코쿠, 고베, 도쿄 재난을 막기 위해 일본 전역을 돌며 필사적으로 문을 닫아가던 중 어릴 적 고향에 닿은 ‘스즈메’는 잊고 있던 진실과 마주하게 되는데…','장르 : 애니메이션'),(86923,'웅남이','2023-06-28 00:00:00',NULL,'15','woongnami','인간을 초월하는 짐승 같은 능력으로 국제 범죄 조직에 맞서는 웅남이의 좌충우돌 코미디 <웅남이>','장르 : 코미디, 액션'),(86924,'아임 히어로 더 파이널','2023-06-28 00:00:00',NULL,'all','IM HERO THE FINAL','2022년 겨울 고척스카이돔을 뜨겁게 달궜던 ‘아임 히어로(IM HERO)’ 임영웅의 앵콜 콘서트, 그 대단원의 감동을 재현할 <아임 히어로 더 파이널>이 스크린X로 2023년 관객들을 찾아온다. “제가 마치 트루먼쇼의 주인공이 된 것 같아요” 자신이 영화 ‘트루먼 쇼’의 주인공이 된 것 같다고 말하지만, 그러면서도 팬덤 ‘영웅시대’를 위해 매 순간 혼신의 힘을 다하는 ‘현실 임영웅’의 모습과 진심 어린 인터뷰, 영화에서만 만나볼 수 있는 전국 투어 비하인드 스토리까지. 14대 시네마틱 카메라로 촬영해 오직 극장에서만 볼 수 있는 앵글로 특별한 관람 경험을 선사할 임영웅의 <아임 히어로 더 파이널> 지금 극장에서 만나보세요.','장르 : 다큐멘터리'),(86925,'치킨래빗-잃어버린 보물을 찾아서','2023-06-28 00:00:00',NULL,'all','Chickenhare and the Hamster of Darkness','쫑긋한 귀, 앙증맞은 꼬리, 그리고.. 갑자기 닭발…?! 토끼인듯 닭인듯 반반매력으로 무장한 뉴 히어로! ‘치킨래빗’의 탄생! 아버지 ‘피터’왕의 뒤를 이을 위대한 모험왕을 꿈꾸며 자란 ‘치킨래빗’은 온 국민이 지켜보는 왕립 모험가 협회 테스트에서 형편없는 실력으로 웃음거리가 되고 만다. 명예 회복을 위해 아버지가 눈 앞에서 놓쳤던 전설 속 보물 ‘어둠의 햄스터’를 찾고 싶은 ‘치킨 래빗’은 만능집사 거북이 ‘에이브’, 액션마스터 스컹크 ‘메그’와 함께 모험에 나선다. 그러나 보물을 찾아 왕좌를 빼앗기 위해 탈옥한 삼촌 ‘라팡’의 공격과 빌런들의 끝없는 방해로 닥친 위기의 순간, ‘치킨래빗’에게 숨겨져 있던 특별한 힘이 깨어나게 되는데… 과연 ‘치킨래빗’은 ‘어둠의 햄스터’를 찾아 왕국을 지킬 수 있을까?','장르 : 애니메이션'),(86926,'리바운드','2023-06-28 00:00:00',NULL,'12','Rebound','농구선수 출신 공익근무요원 ‘양현’은 해체 위기에 놓인 부산중앙고 농구부의 신임 코치로 발탁된다. 하지만 전국대회에서의 첫 경기 상대는 고교농구 최강자 용산고. 팀워크가 무너진 중앙고는 몰수패라는 치욕의 결과를 낳고 학교는 농구부 해체까지 논의하지만, ‘양현’은 MVP까지 올랐던 고교 시절을 떠올리며 다시 선수들을 모은다. 주목받던 천재 선수였지만 슬럼프에 빠진 가드 ‘기범’ 부상으로 꿈을 접은 올라운더 스몰 포워드 ‘규혁’ 점프력만 좋은 축구선수 출신의 괴력 센터 ‘순규’ 길거리 농구만 해온 파워 포워드 ‘강호’ 농구 경력 7년 차지만 만년 벤치 식스맨 ‘재윤’ 농구 열정만 만렙인 자칭 마이클 조던 ‘진욱’까지 아무도 주목하지 않은 최약체 팀이었지만 신임 코치와 6명의 선수가 2012년 전국 고교농구대회에서 써 내려간 8일간의 기적 모두가 불가능이라 말할 때, 우리는 ‘리바운드’라는 또 다른 기회를 잡는다.','장르 : 드라마'),(86927,'장기자랑','2023-06-28 00:00:00',NULL,'12','The Talent Show','2014년 그날 이후, 집 밖으로 나서기 어려웠던 엄마들은 지나가듯 얘기한 ‘재밌겠다’ 한마디에 연극을 시작하게 된다 그런데 이게 웬걸? ‘연기’라는 뒤늦은 재능을 발견하고 열정을 불태운다 그러나 새로운 연극 ‘장기자랑’을 준비하는 엄마들 사이의 질투와 갈등은 깊어지고 급기야 몇몇은 극단을 나가버리는데… 일곱 엄마들의 좌충우돌 연극 도전기! 우리 잘 할 수 있을까?','장르 : 다큐멘터리'),(86928,'엘 카미노','2023-06-28 00:00:00',NULL,'all','EL CAMINO','어느 날, 그 길이 나를 불렀다. 산티아고 순례길에서 찾은 희망과 위로의 메시지 한 사람의 인생을 바꾸는 마법의 길, <엘 카미노>','장르 : 다큐멘터리'),(86929,'소울메이트','2023-06-28 00:00:00',NULL,'12','Soulmate','“날도 더웠고 수업도 지루했고.. 그렇게 졸리고 나른하던 날에 너를 처음 만났어” 1998년, 처음 만났다 “누굴 좋아하면 용기내야 된대” 2004년, 첫사랑이 생겼다 “몰랐어? 나 원래 이렇게 살아” 2010년, 각자 어른이 되어간다 “가장 그리운 건…너였어” 2014년, 흔적을 따라간다 “이젠 니 얼굴을 그리고 싶어. 사랑없인 그릴 수조차 없는 그림 말이야” 지금, 그리움을 그리다 2023년 3월 15일, 당신의 <소울메이트>가 찾아옵니다.','장르 : 드라마'),(86930,'오토라는 남자','2023-06-28 00:00:00',NULL,'12','A Man Called Otto','나 혼자 사는 까칠한 이웃 남자 오토 O.T.T.O 입니다. 모든 것을 포기하려는 ‘오토’(톰 행크스)는 죽고 싶을 타이밍마다 이를 방해하는 이웃들로 분노가 치밀어 오른다. 인생 최악의 순간, 뜻하지 않은 이웃들과의 사건들로 인해 ‘오토’는 생각지도 못한 상황으로 흘러가는데…','장르 : 드라마'),(86931,'오늘 출가합니다','2023-06-28 00:00:00',NULL,'12','I Leave Home','오랫동안 출가를 준비한 ‘성민’은 친구 ‘진우’와 함께 자신의 출가 사찰인 태웅사로 향한다. 하지만 사찰에 도착한 성민은 뜻밖에 나이 제한에 걸려 출가를 거절당하게 된다. 어리둥절한 성민과 진우는 포기하지 않고 오대산 법문사로 향하지만 이번에도 뜻하지 않은 이유로 출가를 또다시 거절당하게 되는데… 무엇 하나 쉽지 않은 인생! 지금부터 기분 좋아지는 마음 여행이 시작됩니다! 함께 떠나실까요?','장르 : 드라마'),(86932,'파벨만스','2023-06-28 00:00:00',NULL,'12','The Fablemans','전 세계가 사랑한 거장 감독 스티븐 스필버그, 그 위대한 꿈의 시작! 난생 처음 극장에서 스크린을 마주한 순간부터 영화와 사랑에 빠진 소년 ‘새미’(가브리엘 라벨). 아빠 ‘버트’(폴 다노)의 8mm 카메라를 들고 일상의 모든 순간을 담기 위해 열중하던 새미는 우연히 필름에 포착된 가족의 비밀을 알게 되고 충격에 휩싸인다. 진실을 비추는 필름의 힘을 실감한 새미에게 크고 작은 삶의 변화가 일어나고 엄마 ‘미치’(미셸 윌리엄스)의 응원으로 영화를 향한 열정은 더욱 뜨거워져만 가는데… 영원히 간직하고픈 기억, 영화의 모든 순간과 사랑에 빠진다!','장르 : 드라마'),(86933,'오글리스-웰컴 투 냄새 마을','2023-06-28 00:00:00',NULL,'all','Smelliville','냄새로 가득한 마을에 이상한 가족이 이사를 왔다?! 쓰레기와 지독한 냄새 때문에 아무도 찾지 않는 ‘냄새 마을’ 마을을 구하기 위해 ‘맥스’는 ‘폼 워디’ 박사의 도움을 받아 악취 제거 로봇을 발명한다. ‘맥스’와 친구들은 발명품 실험을 위해 냄새 마을 쓰레기장으로 찾아가고 그 곳으로 이사 온 녹색 괴물 오글리 가족과 만나게 된다. 더러운 게 최고의 위생! 녹슨 플라스틱과 다 쓴 건전지 스프는 최고의 음식! 이런 독특한 오글리 가족과 친구가 된 ‘맥스’는 마을을 구할 방법을 찾게 된다. 한편, ‘맥스’의 엄마는 고약한 건설업 사장 ‘해머’와 손을 잡아 테마파크를 짓기 위한 계획을 세우고, 쓰레기장 철거 작전을 시작하는데… 과연 ‘맥스’와 친구들은 오글리 가족의 집을 지켜낼 수 있을까?','장르 : 애니메이션'),(86934,'불멸의 여자','2023-06-28 00:00:00',NULL,'15','Immotal woman','“사랑합니다, 고객님.” “스마일, 스마일, 스마일.” 화장품 매장 직원 희경(이음)과 승아(이정경). 불쾌한 감정, 우울한 기운은 배제하고 세상에서 가장 행복한 직원으로 손님을 맞이하는 두 사람은 화기애애한 어느 날, 화장품 반품 문의 전화가 걸려온다. 눈가 주름방지용 화장품을 샀는데 오히려 눈가 주름이 더 늘었다며 불만을 토로하는 고객, 정란(윤가현). 만족스럽지 못한 서비스에 매장을 찾아온 정란은 갑질을 통해 환불을 요구하기 시작한다. 비가 오나 눈이 오나 웃어야 하는 판매원 희경과 승아는 정란의 끊임없는 접객 태도 지적에 마트 지점장 상필(안내상)에서 도움을 청하게 되고, 정란은 승아에게 진심을 담은 사과의 표현으로 무릎을 꿇고 잘못을 빌 것을 요구하는데… 마트 개점 이래 최고의 진상 손님 등장! 과연 희경과 승아는 계속되는 갑질에 끝까지 웃을 수 있을까?','장르 : 드라마'),(86935,'곰돌이 푸-피와 꿀','2023-06-28 00:00:00',NULL,'18','Winnie the Pooh','“다시 만나 반가워” 어릴 적 친구로부터 버림받은 곰돌이 ‘푸’와 ‘피글렛’ 참을 수 없는 분노와 배신감을 느끼며 잔혹한 복수를 시작한다.','장르 : 호러'),(86936,'에어','2023-06-28 00:00:00',NULL,'15','Air','세기의 아이콘을 만든 그들의 실화 당신이 알고 있는 그 이상의 이야기 1984년, 업계 꼴찌를 벗어나지 못하고 있는 나이키는 브랜드의 간판이 되어 줄 새로운 모델을 찾는다. 나이키의 스카우터 소니 바카로(맷 데이먼)는 NBA의 떠오르는 루키 마이클 조던이 나이키의 미래라고 생각한다. 그런데, 이미 시장을 장악한 컨버스와 아디다스가 그와의 계약을 노리는 상황 나이키 팀은 조던의 마음을 얻기 위한 전략을 세우는데…. 누구에게나 점프하는 순간이 온다!','장르 : 드라마'),(86937,'카구야 님은 고백받고 싶어 -첫 키스는 끝나지 않아-','2023-06-28 00:00:00',NULL,'12','Kaguya-sama','장래가 기대되는 우수한 수재들이 모인 슈치인 학원. 슈치인 학원 학생회에서 만난 부회장 시노미야 카구야와 회장 시로가네 미유키. 낭만적인 두뇌 싸움 끝에 두 천재는 서로에 대한 감정을 공유하고 문화제에서 첫 키스를 한다. 그러나 아직 두 사람 사이에 이렇다 할 고백은 이루어지지 않고, 연인처럼 보였던 두 사람의 관계는 여전히 애매모호한 상태에서 크리스마스를 맞이하는데.. 완벽해지고 싶은 시로가네와 그의 완벽하지 않은 곳을 찾는 카구야. 천재들의 매우 \"정상적인\" 사랑 이야기가 시작된다! 아직 우리들의 첫 키스는 진행 중!','장르 : 애니메이션');
/*!40000 ALTER TABLE `movie` ENABLE KEYS */;
UNLOCK TABLES;

--
-- Table structure for table `review`
--

DROP TABLE IF EXISTS `review`;
/*!40101 SET @saved_cs_client     = @@character_set_client */;
/*!50503 SET character_set_client = utf8mb4 */;
CREATE TABLE `review` (
  `reviewNo` bigint(20) NOT NULL AUTO_INCREMENT COMMENT '리뷰글번호',
  `reviewTitle` varchar(500) DEFAULT NULL COMMENT '리뷰제목',
  `reviewContent` text DEFAULT NULL COMMENT '리뷰본문',
  `memberId` varchar(400) DEFAULT NULL COMMENT '작성자',
  `reviewRegdate` datetime DEFAULT current_timestamp() COMMENT '작성시간',
  `reviewUpdatedate` datetime DEFAULT current_timestamp() COMMENT '수정시간',
  `movieRecommend` char(1) DEFAULT NULL COMMENT '영화추천여부',
  `movieNum` bigint(20) DEFAULT NULL COMMENT '영화번호',
  PRIMARY KEY (`reviewNo`),
  KEY `user_id` (`memberId`),
  KEY `movieNum` (`movieNum`),
  CONSTRAINT `review_ibfk_1` FOREIGN KEY (`movieNum`) REFERENCES `movie` (`movieNum`)
) ENGINE=InnoDB AUTO_INCREMENT=102 DEFAULT CHARSET=utf8mb4 COLLATE=utf8mb4_general_ci;
/*!40101 SET character_set_client = @saved_cs_client */;

--
-- Dumping data for table `review`
--

LOCK TABLES `review` WRITE;
/*!40000 ALTER TABLE `review` DISABLE KEYS */;
INSERT INTO `review` VALUES (78,'리뷰','<p><i><strong>조나단 골드스타인, 존 프란시스 데일리 감독이 공동연출한 &lt;던전 앤 드래곤: 도적들의 명예&gt;는 유명한 동명의 게임을 영화화한 작품입니다.&nbsp;</strong></i></p><p>&nbsp;</p><p><i><strong>한 때는 훌륭한 기사였지만 어떤 사건 이후 도적질을 하게 된 에드긴(크리스 파인). 아내를 잃고 딸아이를 혼자 힘겹게 키우던 와중 \'부활의 서판\'이라는 존재를 알게 되고 홀가, 사이먼, 포지, 소피나와 함께 이를 찾으러 나서지만 소피나와 포지에게 서판을 맡기고 홀가와 함께 에드긴은 감옥에 갇힙니다.&nbsp;</strong></i></p><p>&nbsp;</p><p><i><strong>기발한 아이디어로 감옥을 탈출한 에드긴은 포지(휴 그랜트)가 지역 대표로 있는 곳으로 찾아가 서판과 잠시 맡겨둔 딸을 받으려고 합니다. 하지만 거짓말쟁이로 딸에게 인식된 에드긴. 이번 만남에서도 믿음을 주지 못하고 이를 이용해 포지는 서판을 주지도 않고 에드긴을 쫓아냅니다. 배신당한 것을 알게 된 에드긴은 홀가와 함께 소서러, 드루이드와 함께 팀을 이루어 포지에 대한 복수와 더불어 딸을 찾으려는 여정을 떠납니다.&nbsp;</strong></i></p><p>&nbsp;</p><p><i><strong>그 와중 젠크라는 인물을 만나 도움을 받게 되고 드디어 포지와 소피나 곁에 다가서게 되는데 이 둘 사이에도 무언가 일이 벌어지고 있습니다. 역사와 전통을 자랑하는 게임 &lt;던전 앤 드래곤&gt;을 영화로 처음 접하게 되었는데요. 판타지적인요소와 함께 케이퍼 장르가 혼용된 이 작품은 비주얼적인 만족감과 더불어 캐릭터 플레이를 보는 맛도 함께 하는 작품이었습니다.&nbsp;</strong></i></p><p>&nbsp;</p><p><i><strong>&lt;스파이더맨: 홈커밍&gt;의 각본을 함께 쓴 두 감독의 작품이라 그런지 소서러와 드루이드의 풋풋한 로맨스도 잘 그려내고 있고 스펙터클한 이미지의 편집도 훌륭했습니다. 특히 감옥에서 도망치는 아이디어와 액션은 꽤나 훌륭하더라고요.</strong></i></p><p>&nbsp;</p><p><i><strong>사실 큰 기대감 없이 본 작품이었습니다. 특히나 게임을 원작으로 하는 영화들의 성공률이 굉장히 낮기 때문에 그런 생각을 더욱 더 한 것 같습니다. 개인적으론 &lt;툼 레이터&gt;이후 게임원작 작품 중 가장 흥미로운 작품이 이번 &lt;던전 앤 드래곤: 도적들의 명예&gt;였습니다. 이 정도의 퀼리티만 보여준다면 게임 원작의 작품들도 충분히 믿고 볼 수 있을 것 같네요.</strong></i></p>','id1','2023-04-24 10:35:44','2023-06-24 14:25:25','0',1),(79,'주관적인 리뷰','액션감과 몰입감은 있었으나 다소 유치한 감이 있어서 조금 아쉬운 판타지어드벤처영화였습니다! 게임을 원작으로 한 영화면서 \'네버윈터\'를 배경으로 딸과 석판을 되찾고 악명높은 마법사와 비열한 사기꾼을 응징하면서 원대한 모험을 떠나게 되는 내용이면서 게임을 원작으로 해서 그런지 그다지 기대되지 않은데다 다소 유치하기는 했으나 액션감은 그나마 봐줄만했습니다! 전반적으로 액션감은 좋았으나 다소 유치했으니, 별 3개 반 드립니다!!','id1','2023-04-24 10:36:21','2023-04-24 10:36:21','0',1),(80,'일본이란','일본문화 개방 전 기성세대들의 근거 없는 일방적 매도 대상이었던 일본\n\n만화는 일본에서 활성화된 주간 잡지의 형태로 한국에 등장하면서 폭넓게\n\n어린이 청소년들의 두 눈을 사로잡았다. 80년대에서 90년대는 정식 수입과\n\n불법 해적판이 혼재하던 시기로 특히 만화의 원산지가 일본이라는 걸\n\n알고도 왜색의 영향을 받으면 안 된다는 극단의 기우 탓인지 작품의 인물과\n\n배경이 모두 일본어인데도 이를 한국인의 이름과 한국 지역명으로 바꾸는\n\n우둔한 짓을 했다.\n\n‘드래곤 볼’과 더불어 일본은 물론 한국에서도 신드롬을 일으켰던\n\n‘슬램덩크’가 대미를 장식하는 산왕공고와의 두 번째 전국대회 경기를\n\n배경으로 제목은 역설적으로 ‘더 퍼스트 슬램덩크’라는 제목으로 관객에게\n\n왔다. 일본에서는 ‘아바타 : 더 웨이 오브 워터’의 흥행 실적으로 제친\n\n작품으로 화제가 되기도 했는데 슬램덩크를 감상하며 성장한 70,80년대\n\n생들의 향수 자극은 물론 90년대 감성에 21세기 들어 발달한 영상 기술까지\n\n접목하며 작품은 20세기와 21세기의 관객에게 이미 결론은 알고 있으나\n\n엄청나게 힘겨운 승리에 대한 감동과 기쁨을 안기는 데 모자람이 없다.\n\n원작의 작가이자 이번 작품의 감독인 다케이코 이노우에는 슬램덩크에서\n\n사쿠라기 하나미치와 루카와 카에데보다 비중이 적었던 미야기 료타의\n\n인생사를 묘사하며 원작에서는 감상할 수 없었던 색다른 재미를 선사한다.\n\n원작의 틀을 유지하면서도 미야기의 슬픈 인생사는 농구에 대한 열정과\n\n더불어 작은 신장에도 경기의 흐름을 좌지우지하는 포인트 가드로서의\n\n능력이 그의 인생에서 비롯되었음을 보여준다.\n\n결말이야 이미 정해져 있다고 해도 전국대회에서 우승을 밥 먹듯이 하는\n\n산왕공고와의 손에 땀을 쥐는 경기에서는 원작을 이미 봤을 때의\n\n흥미진진함과 항상 전국대회에서 주변부에 머물러 있어야 했던 상북고\n\n승리로 인한 엄청난 희열을 느낄 수 있다.\n\n아울러 원작의 틀을 유지한 채 원작이 출판됐을 시기에 경기 방식인\n\n하프타임이나 90년대 감수성이 그대로 전달되는 모습은 물론 과거로의\n\n회귀라는 비판이 잇따를 수 있으나 그 비판을 상쇄하는 원작이 지닌 가치가\n\n도드라지는 모습이다.\n\n일본 소년 만화에서 느낄 수 있는 열정과 감동, 그리고 특유의 성장과\n\n진취적인 모습 등 단순히 원작의 명성에 머무르는 게 아닌 일본 만화가\n\n이룩한 작품 자체로서의 미덕을 보이며 ‘더 퍼스트 슬램덩크’는 단순한 한\n\n시대를 풍미한 작품에 그치는 것이 아닌 ‘고전’으로서의 가치가 무엇인지를\n\n보여줬다.','id1','2023-04-24 10:45:01','2023-04-24 10:45:01','0',86720),(81,'뭔가 살짝 아쉬운 슬램덩크','이노우에 다케히코 감독이 연출한 <더 퍼스트 슬램덩크>는 90년대 모든 문화계를 통틀어 가장 중요한 키워드 중 하나가 된 작품인 만화 <슬램덩크>를 원작으로 한 산왕공고 전을 기본으로 한 송태섭의 스핀오프입니다.\n\n오키나와에서 형 준섭과 함께 1대1 농구를 즐기는 초등학생 태섭은 형처럼 멋진 농구 선수가 되는 것이 꿈입니다. 형은 지역에서 이미 유망주로 유명한 선수로 커가는 와중이었습니다. 그러던 어느 날, 동생과 농구 약속을 깨고 친구들과 낚시를 떠난 준섭은 영원히 동생과 어머니 곁으로 돌아오지 않습니다.\n\n형의 부재에 엄청난 고통과 스트레스를 안고 학창시절을 보낸 태섭은 아버지와 같이 떠나보낸 큰아들의 부재에 극심한 우울 증세를 보입니다. 결국 오키나와를 본토로 돌아온 태섭은 북산고에 입학하면서 새로운 농구 인생이 펼쳐집니다.\n\n지역 예선을 뚫고 전국대회에 진출한 북산고는 전국 최고의 팀인 산왕공고와 결전을 앞두게 됩니다. 정우성, 신현철 등의 최고 선수들이 즐비한 산왕을 상대로 북산은 선수 뎁스도 얇고 베스트 5의 실력도 현저히 떨어지지만 강백호의 투지를 필두로 경기 내에서 점점 더 발전하는 모습을 보여줍니다.\n\n90년대에 학창시절을 보내 거의 대부분의 남학생들이 봤다고 해도 무방한 <슬램덩크>는 그야말로 90년대 문화의 아이콘이었습니다. 이는 대학농구로 이어지고 드라마 <마지막 승부>에서 정점에 이릅니다. 또한 애니메이션으로 제작되어 sbs 에서 방영되었는데 아직까지도 박상민이 부른 주제곡은 유명하죠.\n\n극장판으로 제작된다고 했을 때 우려스러운 점이 몇 까지 있었습니다. 과연 현재 20대에게 이 이야기가 먹힐까? 그리고 셀 애니메이션이 아니라 cg로 제작되는 점. 마지막으로 원작자가 감독이 되었다는 점이 걱정스러웄습니다. 첫 번째와 두 번째 문제는 결과로서 우려점이 어느 정도 유지되었다면 마지막 이노우에 다케히코가 직접 연출을 맡은 건 좋은 선택으로 보입니다. 특히 송태섭의 유년 시절과 산왕공고 전을 교차로 구성한 점과 더불어 유년 시절의 드라마와 작화가 꽤나 훌륭하기 때문입니다.\n\n앞서 언급한 20대 관객에게 이 작품의 재미나 감동을 고스란히 전달하기란 정말 힘들 것 같았습니다. 개인적으로 극장에서 관람했을 때 20대가 꽤나 있었는데 40대 관객들과 감동 포인트나 유머 포인트가 전혀 다르더라고요. 어찌 보면 당연한 것 같습니다. 또 하나 아쉬운 것은 cg를 선택했다는 것인데 우려했던 것 보단 나쁘지 않았는데 셀 애니메이션이 주는 색감이 제대로 구현되지 않은 점은 많이 아쉽더라고요.\n\n이 부분들은 개봉 전부터 걱정했던 것이고요. 다음 두 가지는 영화를 보고 나서 아쉬운 점들이었습니다. 먼저 경기장에서의 사운드 부분이었습니다. 벤치나 경기 자체의 사운드는 훌륭했는데 관중석의 소음이 전체적으로 어우러지지 않고 따로 노는 듯한 느낌이 들었습니다. 그리고 채소연의 캐릭터 작화가 많이 아쉬웠습니다. 특히 가장 중요한 대사 중에 하나인 \'농구 좋아하세요?\'를 말할 때의 소연의 얼굴은 전혀 감정이입이 되지 않더라고요.\n\n아쉬운 부분이 몇 군데 있어도 40대 이상의 남성 관객들은 이 작품을 보고 눈물을 흘리지 않을 수 없을 겁니다. 송태섭의 드라마도 한 몫 하고 있지만 뻔히 알고 있는 산왕전을 보면서도 긴장하고 있는 스스로의 모습을 아마 확인할 수 있을 겁니다. 특히 누군가의 마지막 슛 장면에서의 스피디한 편집은 엄청난 긴장감을 안겨주는 이 작품의 최고의 장면이라고 할 수 있습니다.\n\n일본 박스오피스에서 <아바타: 물의 길>의 흥행을 유일하게 제친 <더 퍼스트 슬램덩크>의 과연 다음 작품이 나올진 모르겠지만 스핀오프로 만들어질 캐릭터가 무궁무진하다는 것을 다시 한 번 보여준 극장판이 아닌가 싶습니다.','112233','2023-04-24 10:48:37','2023-04-24 10:48:37','0',86720),(83,'슬램덩크 영광의 시대는 바로 지금','연필 스케치로 하나하나 완성되어 화면 밖으로 걸어 나오는 북산고와 산왕고 농구부원들의 모습을 마주할 때부터, 환호성은 이미 준비되어 있다. 아예 새로운 에피소드를 만드는 대신 원작의 정수와도 같은 경기를 다시 펼쳐내 ‘no.1 가드\' 송태섭의 숨겨진 사연을 더하는 전략은 원작 만화의 그것처럼 빼어나다. 이 영화 속 농구 코트는 엄청난 속도감보다 정지된 순간의 정적과 그 안의 각자의 사유가 더 탁월하게 존재하는 공간이다. 그 안에서 추억은 거들 뿐. 20세기 명작의 영광의 시대가 ‘더 퍼스트\'로 다시 새롭게 이어질 시간이다.','test','2023-04-26 09:19:20','2023-04-26 09:19:20','0',86720),(84,'더 세컨드 슬램덩크를 기다리며','원작에서 전국재패로 가는 두 번째 토너먼트전을 포인트 가드 송태섭을 중심으로 다시 풀어냈다. 다크호스 북산과 전통의 강호 산왕의 경기는 승패도 과정도 모두 과거와 동일하지만 원작에는 없는 송태섭의 과거 서사가 더해져 북산의 승리를 더욱 응원하게 된다. 원작을 읽지 않아도 박진감 넘치는 농구 경기를 즐기는 데는 손색이 없지만 역시 캐릭터의 전사와 감정, 명대사의 순간은 원작을 봐야 한층 더 즐길 수 있다. 다시 돌아와서 더없이 반가운 걸작.','nhy3533123','2023-04-26 09:20:21','2023-04-26 09:20:21','0',86720),(85,'고마워, 다시 와줘서','당해 낼 재간이 있나. 북산고 5인방의 모습이 스케치를 통해 하나둘 모습을 드러낼 때, 동시에 쏟아져 나오는 건 봉인돼 있던 추억이다. 원작을 본 이들에게 더욱 강력하게 다가갈 작품임을 부인하지 못하겠다. 만화/웹툰을 영상화하고 싶은 연출가들이 교본으로 삼을 만한 작품이기도 하다. 핵심은 살리고, 서사가 부족했던 인물의 빈 곳을 채우고, 원작 고유의 정서는 살리면서, 새로운 매체 감각은 새겨 넣은! 유머는 거들 뿐, 경기 리듬과 ‘꺾이지 않는 마음’들이 코트를 질주한다. 무엇보다 이미 다 알고 있는 각본 있는 드라마를 두 손 불끈 쥐고 지켜보게 하는 연출의 완급 조절이 가히 덩크 슛 감이다. 전설이었던 만화는 그렇게 26년 만에 극장으로 소환돼 새로운 전설 속으로 점프하는 중이다.','finalid123','2023-04-26 09:21:10','2023-04-26 09:21:10','0',86720),(87,' 원작 잘 모르는 사람이 본 찐후기','영화는 원작의 마지막 경기였던 북산고와 산왕고의 승부를 가리는 경기를 기초로 한다. 원작의 설정과 캐릭터를 그대로 두고 영화버전으로 서사를 압축했다. 송태섭과 다른 캐릭터의 과거 회상 장면과 교차 편집되는 구조다. 원작의 웃음 포인트는 거의 없애고 진지하게 임했다. 강백호가 주인공이었던 원작의 조연 송태섭을 전면으로 내세워 전사를 길게 다루었다.\r\n \r\n문제아로만 낙인찍혀있던 송태섭의 아픈 가족사를 통해 누군가는 위로받고 성장했을 거라고 확신한다. 아버지의 죽음 이후, 삶의 버팀목이자 소울메이트였던 형까지 쌍끌이로 세상을 떠나 괴로웠던 송태섭. 삼남매 중 둘째로 끼여 있던 열등감과 형을 향한 존경, 형만한 아우 없다는 주변의 비교에서 벗어날 수 없어 힘들었던 과거를 딛고, 키 작은 넘버 원 가드 송태섭 자신으로 우뚝 서게 된다.\r\n \r\n잘 몰랐던 캐릭터지만 처음 보는 관객마저도 집중하게 만드는 촘촘한 이야기는 뭉클했고 가슴 벅찼다. 원작과는 다른 관점에서 바라본 시선, 통찰력이 느껴졌다. 최고의 팀과 벌이는 경기 장면은 보는 내내 도파민을 내뿜게 한다. 경기장 안에 들어가 있는 듯 흥분과 떨림이 고스란히 전해졌다. 요즘 레트로가 유행이라고는 하나, 좋은 것은 시대를 가리지 않고 꾸준히 회자되어 입에 오르내리는지 실감케했다.\r\n \r\n평일 오후 시간대였지만 극장에 앉아 주변을 둘러보니 역시나, 1990년대와 2000년에 유년기를 보낸 남성들이 다수였다. 하지만 젊은 여성 관객도 다수 있어 놀라웠고 아이와 함께 온 아빠도 여럿 있었다. 문화도 유행처럼 돌고 돌아, 나와 다음 세대를 잇는 징검다리가 되어준다고 생각하니 또다시 뭉클해졌다. 좋은 것은 나만 알고 있기보다 너도 알았으면 좋겠고, 서로 이야기꽃을 피우며 교감하면서 더 좋아지는 팬덤 현상까지도 이제야 조금은 이해할 수 있었다.','test123123','2023-04-26 09:25:31','2023-04-26 10:37:21','0',86720),(100,'게임 영화는 이제 그만 1234','<p>차라리 슈퍼마리오처럼 애니메이션으로 만드는게 더 재밌을 듯</p><p>&nbsp;</p><p>어쌔신 크리드도 망했었는데, 이것도 여지없이 망한……</p>','test','2023-05-15 17:09:45','2023-05-15 17:15:35','0',1);
/*!40000 ALTER TABLE `review` ENABLE KEYS */;
UNLOCK TABLES;

--
-- Table structure for table `screentime`
--

DROP TABLE IF EXISTS `screentime`;
/*!40101 SET @saved_cs_client     = @@character_set_client */;
/*!50503 SET character_set_client = utf8mb4 */;
CREATE TABLE `screentime` (
  `screenTimeNum` int(11) NOT NULL AUTO_INCREMENT COMMENT '영화 상영시작 시간에 대한 PK',
  `screenTimeTime` time DEFAULT NULL COMMENT '영화 상영시작 시간 값',
  `remain` int(11) DEFAULT NULL,
  PRIMARY KEY (`screenTimeNum`)
) ENGINE=InnoDB AUTO_INCREMENT=29 DEFAULT CHARSET=utf8mb4 COLLATE=utf8mb4_general_ci;
/*!40101 SET character_set_client = @saved_cs_client */;

--
-- Dumping data for table `screentime`
--

LOCK TABLES `screentime` WRITE;
/*!40000 ALTER TABLE `screentime` DISABLE KEYS */;
INSERT INTO `screentime` VALUES (1,'09:00:00',NULL),(2,'10:00:00',NULL),(3,'11:00:00',NULL),(4,'12:00:00',NULL),(5,'13:00:00',NULL),(6,'14:00:00',NULL),(7,'15:00:00',NULL),(8,'16:00:00',NULL),(9,'17:00:00',NULL),(10,'18:00:00',NULL),(11,'19:00:00',NULL),(12,'20:00:00',NULL),(13,'21:00:00',NULL),(14,'22:00:00',NULL),(15,'09:00:00',NULL),(16,'10:00:00',NULL),(17,'11:00:00',NULL),(18,'12:00:00',NULL),(19,'13:00:00',NULL),(20,'14:00:00',NULL),(21,'15:00:00',NULL),(22,'16:00:00',NULL),(23,'17:00:00',NULL),(24,'18:00:00',NULL),(25,'19:00:00',NULL),(26,'20:00:00',NULL),(27,'21:00:00',NULL),(28,'22:00:00',NULL);
/*!40000 ALTER TABLE `screentime` ENABLE KEYS */;
UNLOCK TABLES;

--
-- Table structure for table `seqboard`
--

DROP TABLE IF EXISTS `seqboard`;
/*!40101 SET @saved_cs_client     = @@character_set_client */;
/*!50503 SET character_set_client = utf8mb4 */;
CREATE TABLE `seqboard` (
  `next_not_cached_value` bigint(21) NOT NULL,
  `minimum_value` bigint(21) NOT NULL,
  `maximum_value` bigint(21) NOT NULL,
  `start_value` bigint(21) NOT NULL COMMENT 'start value when sequences is created or value if RESTART is used',
  `increment` bigint(21) NOT NULL COMMENT 'increment value',
  `cache_size` bigint(21) unsigned NOT NULL,
  `cycle_option` tinyint(1) unsigned NOT NULL COMMENT '0 if no cycles are allowed, 1 if the sequence should begin a new cycle when maximum_value is passed',
  `cycle_count` bigint(21) NOT NULL COMMENT 'How many cycles have been done'
) ENGINE=InnoDB SEQUENCE=1;
/*!40101 SET character_set_client = @saved_cs_client */;

--
-- Dumping data for table `seqboard`
--

LOCK TABLES `seqboard` WRITE;
/*!40000 ALTER TABLE `seqboard` DISABLE KEYS */;
INSERT INTO `seqboard` VALUES (102,1,9223372036854775806,1,1,1,0,0);
/*!40000 ALTER TABLE `seqboard` ENABLE KEYS */;
UNLOCK TABLES;

--
-- Table structure for table `theater_info`
--

DROP TABLE IF EXISTS `theater_info`;
/*!40101 SET @saved_cs_client     = @@character_set_client */;
/*!50503 SET character_set_client = utf8mb4 */;
CREATE TABLE `theater_info` (
  `theaterno` int(100) NOT NULL AUTO_INCREMENT COMMENT '상영관에 대한 PK',
  `name` varchar(100) DEFAULT NULL COMMENT '각 상영관 이름',
  PRIMARY KEY (`theaterno`)
) ENGINE=InnoDB AUTO_INCREMENT=13 DEFAULT CHARSET=utf8mb4 COLLATE=utf8mb4_general_ci;
/*!40101 SET character_set_client = @saved_cs_client */;

--
-- Dumping data for table `theater_info`
--

LOCK TABLES `theater_info` WRITE;
/*!40000 ALTER TABLE `theater_info` DISABLE KEYS */;
INSERT INTO `theater_info` VALUES (1,'1관'),(2,'2관'),(3,'3관'),(4,'4관'),(5,'5관'),(6,'6관'),(7,'1관'),(8,'2관'),(9,'3관'),(10,'4관'),(11,'5관'),(12,'6관');
/*!40000 ALTER TABLE `theater_info` ENABLE KEYS */;
UNLOCK TABLES;

--
-- Table structure for table `ticket`
--

DROP TABLE IF EXISTS `ticket`;
/*!40101 SET @saved_cs_client     = @@character_set_client */;
/*!50503 SET character_set_client = utf8mb4 */;
CREATE TABLE `ticket` (
  `tno` bigint(20) NOT NULL AUTO_INCREMENT COMMENT '티켓에 대한 PK',
  `ctno` bigint(20) DEFAULT NULL COMMENT '영화정보에 대한 PK',
  `seatx` int(11) DEFAULT NULL COMMENT '예매한 좌석의 x 좌표',
  `seaty` int(11) DEFAULT NULL COMMENT '예매한 좌석의 y 좌표',
  `memberid` varchar(400) DEFAULT NULL COMMENT '예매한 user',
  `regdate` datetime DEFAULT current_timestamp() COMMENT '티켓을 예매한 시간',
  `screendate` date DEFAULT NULL,
  `resno` varchar(400) DEFAULT NULL,
  PRIMARY KEY (`tno`),
  KEY `ctno` (`ctno`),
  KEY `memberid` (`memberid`),
  KEY `resno` (`resno`),
  CONSTRAINT `ticket_ibfk_1` FOREIGN KEY (`ctno`) REFERENCES `cinema` (`ctno`),
  CONSTRAINT `ticket_ibfk_2` FOREIGN KEY (`memberid`) REFERENCES `member` (`memberId`)
) ENGINE=InnoDB AUTO_INCREMENT=79 DEFAULT CHARSET=utf8mb4 COLLATE=utf8mb4_general_ci;
/*!40101 SET character_set_client = @saved_cs_client */;

--
-- Dumping data for table `ticket`
--

LOCK TABLES `ticket` WRITE;
/*!40000 ALTER TABLE `ticket` DISABLE KEYS */;
INSERT INTO `ticket` VALUES (1,14,2,4,'test','2023-04-25 18:36:54',NULL,NULL),(2,14,3,14,'test','2023-04-25 18:36:54',NULL,NULL),(3,14,5,19,'test','2023-04-25 18:36:54',NULL,NULL),(4,10,0,1,'test','2023-04-25 18:40:47','2023-04-25',NULL),(5,10,0,19,'test','2023-04-25 18:40:47','2023-04-25',NULL),(6,10,0,18,'test','2023-04-25 18:40:47','2023-04-25',NULL),(7,10,7,1,'test','2023-04-25 18:43:39','2023-04-25','e0075ad6-9236-4e96-b589-a5f21df59268'),(8,10,7,2,'test','2023-04-25 18:43:39','2023-04-25','e0075ad6-9236-4e96-b589-a5f21df59268'),(9,10,7,12,'test','2023-04-25 18:51:00','2023-04-25','a0446c98-5d2f-4641-b80a-fc4c2c5021d0'),(10,10,7,13,'test','2023-04-25 18:51:00','2023-04-25','a0446c98-5d2f-4641-b80a-fc4c2c5021d0'),(11,10,2,10,'test','2023-04-25 20:58:49','2023-04-25','13a70695-05dc-479b-aa32-b67c66774403'),(12,29,0,1,'test','2023-04-25 21:02:11','2023-04-25','5769d9f7-04e4-4299-b2b9-a9a255d951b7'),(13,26,0,1,'test','2023-04-25 21:18:35','2023-04-25','099578a2-0800-4964-89e2-d3eeaf678ebe'),(14,26,0,2,'test','2023-04-25 21:18:35','2023-04-25','099578a2-0800-4964-89e2-d3eeaf678ebe'),(15,26,0,3,'test','2023-04-25 21:18:35','2023-04-25','099578a2-0800-4964-89e2-d3eeaf678ebe'),(16,19,1,1,'test','2023-04-25 21:24:07','2023-04-25','08bc3ff7-5ce7-41de-803a-c64537b06ee4'),(17,19,2,2,'test','2023-04-25 21:24:07','2023-04-25','08bc3ff7-5ce7-41de-803a-c64537b06ee4'),(18,19,3,3,'test','2023-04-25 21:24:07','2023-04-25','08bc3ff7-5ce7-41de-803a-c64537b06ee4'),(19,14,7,10,'test','2023-04-25 22:00:31','2023-04-25','e5cb9960-7fb9-4777-bfdd-acf524f674ca'),(20,14,7,11,'test','2023-04-25 22:00:31','2023-04-25','e5cb9960-7fb9-4777-bfdd-acf524f674ca'),(21,14,7,12,'test','2023-04-25 22:00:31','2023-04-25','e5cb9960-7fb9-4777-bfdd-acf524f674ca'),(22,16,7,12,'test','2023-04-25 22:03:51','2023-04-25','ee54ce63-5798-4276-a9f9-3ac2d7d45da4'),(23,16,7,13,'test','2023-04-25 22:03:51','2023-04-25','ee54ce63-5798-4276-a9f9-3ac2d7d45da4'),(24,16,7,11,'test','2023-04-25 22:03:51','2023-04-25','ee54ce63-5798-4276-a9f9-3ac2d7d45da4'),(25,14,4,11,'test','2023-04-25 22:11:40','2023-04-25','a528d52a-0584-4044-9f48-f88277d3c66e'),(26,14,4,12,'test','2023-04-25 22:11:40','2023-04-25','a528d52a-0584-4044-9f48-f88277d3c66e'),(27,14,4,13,'test','2023-04-25 22:11:40','2023-04-25','a528d52a-0584-4044-9f48-f88277d3c66e'),(28,10,5,23,'test','2023-04-26 09:13:31','2023-04-26','ace0e503-f210-432b-9c35-c291ed1a8df1'),(29,10,6,23,'test','2023-04-26 09:13:31','2023-04-26','ace0e503-f210-432b-9c35-c291ed1a8df1'),(30,10,7,23,'test','2023-04-26 09:13:31','2023-04-26','ace0e503-f210-432b-9c35-c291ed1a8df1'),(31,961,0,14,'javaman1','2023-04-26 11:07:03','2023-04-26','e3948f6c-b412-421e-b47e-f2c7ca1afd4b'),(32,937,2,6,'javaman1','2023-04-26 11:53:56','2023-04-26','2847f934-bcf6-4f02-9bcd-7c054e7274af'),(33,937,0,18,'javaman1','2023-04-26 12:56:48','2023-04-26','f93f7666-70b0-4d5d-8814-ce0b9d8d4b1a'),(34,937,0,17,'javaman1','2023-04-26 12:56:48','2023-04-26','f93f7666-70b0-4d5d-8814-ce0b9d8d4b1a'),(35,1012,6,10,'testid1234','2023-04-26 16:19:46','2023-04-26','876389fd-318e-41bd-beb1-1d3ef31f9341'),(36,1012,6,11,'testid1234','2023-04-26 16:19:46','2023-04-26','876389fd-318e-41bd-beb1-1d3ef31f9341'),(37,1012,6,12,'testid1234','2023-04-26 16:19:46','2023-04-26','876389fd-318e-41bd-beb1-1d3ef31f9341'),(38,14,2,4,'test','2023-04-25 18:36:54',NULL,NULL),(39,14,3,14,'test','2023-04-25 18:36:54',NULL,NULL),(40,14,5,19,'test','2023-04-25 18:36:54',NULL,NULL),(41,10,0,1,'test','2023-04-25 18:40:47','2023-04-25',NULL),(42,10,0,19,'test','2023-04-25 18:40:47','2023-04-25',NULL),(43,10,0,18,'test','2023-04-25 18:40:47','2023-04-25',NULL),(44,10,7,1,'test','2023-04-25 18:43:39','2023-04-25','e0075ad6-9236-4e96-b589-a5f21df59268'),(45,10,7,2,'test','2023-04-25 18:43:39','2023-04-25','e0075ad6-9236-4e96-b589-a5f21df59268'),(46,10,7,12,'test','2023-04-25 18:51:00','2023-04-25','a0446c98-5d2f-4641-b80a-fc4c2c5021d0'),(47,10,7,13,'test','2023-04-25 18:51:00','2023-04-25','a0446c98-5d2f-4641-b80a-fc4c2c5021d0'),(48,10,2,10,'test','2023-04-25 20:58:49','2023-04-25','13a70695-05dc-479b-aa32-b67c66774403'),(49,29,0,1,'test','2023-04-25 21:02:11','2023-04-25','5769d9f7-04e4-4299-b2b9-a9a255d951b7'),(50,26,0,1,'test','2023-04-25 21:18:35','2023-04-25','099578a2-0800-4964-89e2-d3eeaf678ebe'),(51,26,0,2,'test','2023-04-25 21:18:35','2023-04-25','099578a2-0800-4964-89e2-d3eeaf678ebe'),(52,26,0,3,'test','2023-04-25 21:18:35','2023-04-25','099578a2-0800-4964-89e2-d3eeaf678ebe'),(53,19,1,1,'test','2023-04-25 21:24:07','2023-04-25','08bc3ff7-5ce7-41de-803a-c64537b06ee4'),(54,19,2,2,'test','2023-04-25 21:24:07','2023-04-25','08bc3ff7-5ce7-41de-803a-c64537b06ee4'),(55,19,3,3,'test','2023-04-25 21:24:07','2023-04-25','08bc3ff7-5ce7-41de-803a-c64537b06ee4'),(56,14,7,10,'test','2023-04-25 22:00:31','2023-04-25','e5cb9960-7fb9-4777-bfdd-acf524f674ca'),(57,14,7,11,'test','2023-04-25 22:00:31','2023-04-25','e5cb9960-7fb9-4777-bfdd-acf524f674ca'),(58,14,7,12,'test','2023-04-25 22:00:31','2023-04-25','e5cb9960-7fb9-4777-bfdd-acf524f674ca'),(59,16,7,12,'test','2023-04-25 22:03:51','2023-04-25','ee54ce63-5798-4276-a9f9-3ac2d7d45da4'),(60,16,7,13,'test','2023-04-25 22:03:51','2023-04-25','ee54ce63-5798-4276-a9f9-3ac2d7d45da4'),(61,16,7,11,'test','2023-04-25 22:03:51','2023-04-25','ee54ce63-5798-4276-a9f9-3ac2d7d45da4'),(62,14,4,11,'test','2023-04-25 22:11:40','2023-04-25','a528d52a-0584-4044-9f48-f88277d3c66e'),(63,14,4,12,'test','2023-04-25 22:11:40','2023-04-25','a528d52a-0584-4044-9f48-f88277d3c66e'),(64,14,4,13,'test','2023-04-25 22:11:40','2023-04-25','a528d52a-0584-4044-9f48-f88277d3c66e'),(65,10,5,23,'test','2023-04-26 09:13:31','2023-04-26','ace0e503-f210-432b-9c35-c291ed1a8df1'),(66,10,6,23,'test','2023-04-26 09:13:31','2023-04-26','ace0e503-f210-432b-9c35-c291ed1a8df1'),(67,10,7,23,'test','2023-04-26 09:13:31','2023-04-26','ace0e503-f210-432b-9c35-c291ed1a8df1'),(68,961,0,14,'javaman1','2023-04-26 11:07:03','2023-04-26','e3948f6c-b412-421e-b47e-f2c7ca1afd4b'),(69,937,2,6,'javaman1','2023-04-26 11:53:56','2023-04-26','2847f934-bcf6-4f02-9bcd-7c054e7274af'),(70,937,0,18,'javaman1','2023-04-26 12:56:48','2023-04-26','f93f7666-70b0-4d5d-8814-ce0b9d8d4b1a'),(71,937,0,17,'javaman1','2023-04-26 12:56:48','2023-04-26','f93f7666-70b0-4d5d-8814-ce0b9d8d4b1a'),(72,1012,6,10,'testid1234','2023-04-26 16:19:46','2023-04-26','876389fd-318e-41bd-beb1-1d3ef31f9341'),(73,1012,6,11,'testid1234','2023-04-26 16:19:46','2023-04-26','876389fd-318e-41bd-beb1-1d3ef31f9341'),(74,1012,6,12,'testid1234','2023-04-26 16:19:46','2023-04-26','876389fd-318e-41bd-beb1-1d3ef31f9341'),(75,948,2,10,'test','2023-05-15 17:03:33','2023-05-18','42d48d92-59c4-49a5-9e6f-e4eb49cda682'),(76,948,2,11,'test','2023-05-15 17:03:33','2023-05-18','42d48d92-59c4-49a5-9e6f-e4eb49cda682'),(77,948,2,12,'test','2023-05-15 17:03:34','2023-05-18','42d48d92-59c4-49a5-9e6f-e4eb49cda682'),(78,937,0,12,'test','2023-06-24 14:58:13','2023-06-24','5e27a0c7-cb72-4e29-9036-716d8b117054');
/*!40000 ALTER TABLE `ticket` ENABLE KEYS */;
UNLOCK TABLES;

--
-- Dumping routines for database 'semi'
--
/*!40103 SET TIME_ZONE=@OLD_TIME_ZONE */;

/*!40101 SET SQL_MODE=@OLD_SQL_MODE */;
/*!40014 SET FOREIGN_KEY_CHECKS=@OLD_FOREIGN_KEY_CHECKS */;
/*!40014 SET UNIQUE_CHECKS=@OLD_UNIQUE_CHECKS */;
/*!40101 SET CHARACTER_SET_CLIENT=@OLD_CHARACTER_SET_CLIENT */;
/*!40101 SET CHARACTER_SET_RESULTS=@OLD_CHARACTER_SET_RESULTS */;
/*!40101 SET COLLATION_CONNECTION=@OLD_COLLATION_CONNECTION */;
/*!40111 SET SQL_NOTES=@OLD_SQL_NOTES */;

-- Dump completed on 2023-07-04 12:01:00
